district,year,month,count
NASIK,2023,3,819
AHMADNAGAR,2023,3,779
JALNA,2023,3,476
AMRAVATI,2023,3,489
AKOLA,2023,3,497
NAGPUR,2023,3,373
LATUR,2023,3,565
BULDANA,2023,3,1116
NANDED,2023,3,998
YEVATMAL,2023,3,1039
KOLHAPUR,2023,3,231
WASHIM,2023,3,891
HINGOLI,2023,3,364
BEED,2023,3,627
AURANGABAD,2023,3,616
JALGAON,2023,3,483
DHULE,2023,3,279
CHANDRAPUR,2023,3,153
PARBHANI,2023,3,493
GONDIYA,2023,8,146
BEED,2023,8,1228
NAGPUR,2023,8,420
YEVATMAL,2023,8,1572
WASHIM,2023,8,1185
KOLHAPUR,2023,6,429
NANDED,2023,6,2326
PARBHANI,2023,6,902
WASHIM,2023,6,1123
BULDANA,2023,6,1544
SANGLI,2023,6,396
JALGAON,2023,6,1040
JALNA,2023,6,723
AURANGABAD,2023,6,838
SOLAPUR,2016,3,5161
PUNE,2016,3,2412
BHANDARA,2016,3,479
LATUR,2023,6,721
AKOLA,2023,6,705
YEVATMAL,2023,6,2580
NAGPUR,2023,6,582
AHMADNAGAR,2023,6,853
BEED,2023,6,845
AMRAVATI,2023,6,757
PUNE,2023,6,368
OSMANABAD,2023,6,480
GONDIYA,2023,6,136
WARDHA,2023,6,431
WARDHA,2023,3,196
SOLAPUR,2023,3,745
OSMANABAD,2023,3,291
GONDIYA,2023,3,72
PUNE,2023,3,321
SATARA,2023,3,167
BHANDARA,2023,3,114
SANGLI,2023,3,275
SINDHUDURG,2023,3,23
THANE,2023,3,25
RAIGARH,2023,3,21
JALNA,2023,8,1056
AURANGABAD,2023,8,1036
OSMANABAD,2023,8,601
PARBHANI,2023,8,1173
SATARA,2023,8,185
HINGOLI,2023,8,689
LATUR,2023,8,878
PUNE,2023,8,270
BHANDARA,2023,8,141
JALGAON,2023,8,774
SOLAPUR,2023,8,973
NASIK,2023,8,890
NANDED,2023,8,1711
BULDANA,2023,8,1526
AMRAVATI,2023,8,936
SANGLI,2023,8,321
GADCHIROLI,2023,3,48
AHMADNAGAR,2023,8,979
AKOLA,2023,8,769
GADCHIROLI,2023,8,91
KOLHAPUR,2023,8,210
DHULE,2023,8,301
NANDURBAR,2023,3,39
CHANDRAPUR,2023,8,309
WARDHA,2023,8,298
AMRAVATI,2022,3,649
AURANGABAD,2022,3,666
KOLHAPUR,2022,3,408
AHMADNAGAR,2022,3,916
BHANDARA,2022,3,118
BEED,2022,3,727
JALGAON,2022,3,520
BULDANA,2022,3,916
SATARA,2022,3,307
SOLAPUR,2022,3,804
SANGLI,2022,3,309
WASHIM,2022,3,734
NANDED,2022,3,935
JALNA,2022,3,485
PARBHANI,2022,3,565
THANE,2022,3,26
NASIK,2022,3,612
NANDURBAR,2022,3,66
HINGOLI,2022,3,327
PUNE,2022,3,387
DHULE,2022,3,309
SINDHUDURG,2022,3,38
WARDHA,2022,3,175
AKOLA,2022,3,554
RAIGARH,2022,3,33
GADCHIROLI,2022,3,41
GONDIYA,2022,3,80
YEVATMAL,2022,3,886
PALGHAR,2023,3,12
OSMANABAD,2015,11,2558
AURANGABAD,2015,11,3622
PARBHANI,2015,11,2636
HINGOLI,2015,11,2251
SOLAPUR,2015,11,5596
AHMADNAGAR,2015,11,5381
BHANDARA,2015,11,444
SATARA,2015,11,1141
SANGLI,2015,11,1629
NASIK,2015,11,5126
THANE,2015,11,168
LATUR,2015,11,1925
GONDIYA,2015,11,231
RATNAGIRI,2015,11,45
NANDED,2015,11,3052
JALNA,2015,11,2782
YEVATMAL,2015,11,2282
PUNE,2015,11,2210
WASHIM,2015,11,2422
BEED,2015,11,3267
JALGAON,2015,11,2445
AKOLA,2015,11,2582
KOLHAPUR,2015,11,806
BULDANA,2015,11,4037
DHULE,2015,11,1338
AMRAVATI,2015,11,2103
RAIGARH,2015,11,57
NAGPUR,2015,11,858
WARDHA,2015,11,899
AMRAVATI,2019,6,1761
NANDED,2019,6,6343
WARDHA,2019,6,1244
YEVATMAL,2019,6,5908
SOLAPUR,2019,6,2144
AHMADNAGAR,2019,6,2406
OSMANABAD,2019,6,1198
DHULE,2019,6,643
SATARA,2019,6,579
JALGAON,2019,6,2715
PUNE,2019,6,1237
BEED,2019,6,2027
PARBHANI,2019,6,4193
BULDANA,2019,6,3796
HINGOLI,2019,6,1824
JALNA,2019,6,2249
CHANDRAPUR,2019,6,1230
NASIK,2019,6,2698
AURANGABAD,2019,6,4333
RATNAGIRI,2019,6,37
WASHIM,2019,6,3055
LATUR,2019,6,1528
AKOLA,2019,6,1794
GONDIYA,2019,6,267
GADCHIROLI,2019,6,149
KOLHAPUR,2019,6,694
SANGLI,2019,6,949
BHANDARA,2019,6,290
NANDURBAR,2019,6,141
HINGOLI,2023,6,614
DHULE,2023,6,399
CHANDRAPUR,2023,6,488
NAGPUR,2019,6,1477
JALGAON,2016,3,2300
NAGPUR,2016,3,1117
AHMADNAGAR,2016,3,5241
JALNA,2016,3,2340
KOLHAPUR,2016,3,1255
THANE,2016,3,258
OSMANABAD,2016,3,1997
BULDANA,2016,3,3819
HINGOLI,2016,3,1572
YEVATMAL,2016,3,2290
WARDHA,2016,3,781
SATARA,2016,3,1502
AURANGABAD,2016,3,3042
NANDED,2016,3,2828
DHULE,2016,3,1269
BEED,2016,3,2493
SANGLI,2016,3,1340
AMRAVATI,2016,3,2131
AKOLA,2016,3,2443
WASHIM,2016,3,1623
NASIK,2016,3,4175
LATUR,2016,3,1525
PARBHANI,2016,3,2408
GONDIYA,2016,3,416
CHANDRAPUR,2016,3,626
0,2016,3,447
SINDHUDURG,2023,8,9
CHANDRAPUR,2015,11,680
NANDURBAR,2023,8,78
CHANDRAPUR,2017,12,356
AURANGABAD,2017,12,2503
WARDHA,2017,12,432
BULDANA,2017,12,2367
YEVATMAL,2017,12,1907
SATARA,2017,12,611
NANDED,2017,12,2549
NASIK,2017,12,3329
JALGAON,2017,12,1353
LATUR,2017,12,1176
AKOLA,2017,12,1279
PUNE,2017,12,1265
SOLAPUR,2017,12,3241
HINGOLI,2017,12,1342
NANDURBAR,2015,11,248
SANGLI,2017,12,818
AHMADNAGAR,2017,12,3756
WASHIM,2017,12,1303
NAGPUR,2017,12,493
DHULE,2017,12,708
JALNA,2017,12,2384
PARBHANI,2017,12,1827
BEED,2017,12,2238
GADCHIROLI,2017,12,50
THANE,2017,12,78
OSMANABAD,2017,12,1472
AMRAVATI,2017,12,1434
GONDIYA,2017,12,147
BHANDARA,2017,12,151
MUMBAI,2015,11,39
THANE,2019,6,79
SINDHUDURG,2019,6,31
PUNE,2018,3,943
AMRAVATI,2018,3,967
AURANGABAD,2018,3,1591
SOLAPUR,2018,3,2337
PARBHANI,2018,3,1346
AHMADNAGAR,2018,3,2682
HINGOLI,2018,3,1134
YEVATMAL,2018,3,1517
NANDED,2018,3,1757
NASIK,2018,3,2112
LATUR,2018,3,1076
BEED,2018,3,1762
BULDANA,2018,3,1979
JALGAON,2018,3,867
JALNA,2018,3,1438
OSMANABAD,2018,3,1098
NAGPUR,2018,3,465
WASHIM,2018,3,966
KOLHAPUR,2018,3,474
WARDHA,2018,3,300
SANGLI,2018,3,566
NANDURBAR,2018,3,76
AKOLA,2018,3,994
BHANDARA,2018,3,213
SATARA,2018,3,509
SINDHUDURG,2015,11,38
SOLAPUR,2023,6,933
BHANDARA,2023,6,201
RAIGARH,2023,6,20
PALGHAR,2019,6,19
RAIGARH,2016,3,83
NASIK,2023,6,661
NANDURBAR,2016,3,211
RATNAGIRI,2016,3,102
MUMBAI,2016,3,110
0,2019,6,19
SINDHUDURG,2016,3,97
SATARA,2023,6,202
CHANDRAPUR,2013,9,335
AKOLA,2013,9,1057
PARBHANI,2013,9,1685
LATUR,2013,9,751
PUNE,2013,9,667
NASIK,2013,9,1936
YEVATMAL,2013,9,1361
AHMADNAGAR,2013,9,3211
SANGLI,2013,9,558
NANDED,2013,9,2163
SATARA,2013,9,411
JALGAON,2013,9,1331
HINGOLI,2013,9,1339
BEED,2013,9,2684
JALNA,2013,9,2397
AURANGABAD,2013,9,2466
BULDANA,2013,9,2145
KOLHAPUR,2013,9,280
OSMANABAD,2013,9,1356
WARDHA,2013,9,543
YEVATMAL,2022,11,644
AHMADNAGAR,2022,11,692
PUNE,2022,11,312
SOLAPUR,2022,11,732
SANGLI,2022,11,257
AURANGABAD,2022,11,486
BULDANA,2022,11,771
WASHIM,2022,11,441
SATARA,2022,11,220
NANDED,2022,11,779
OSMANABAD,2022,11,345
PARBHANI,2022,11,404
DHULE,2022,11,331
JALGAON,2022,11,359
BEED,2022,11,577
KOLHAPUR,2022,11,200
LATUR,2022,11,410
AKOLA,2022,11,349
NAGPUR,2022,11,250
JALNA,2022,11,468
NASIK,2022,11,412
HINGOLI,2022,11,276
AMRAVATI,2020,12,756
BULDANA,2020,12,935
AKOLA,2020,12,653
BEED,2020,12,822
BHANDARA,2020,12,99
AURANGABAD,2020,12,983
NASIK,2020,12,1028
HINGOLI,2020,12,461
AHMADNAGAR,2020,12,1243
WASHIM,2020,12,710
JALGAON,2020,12,686
PUNE,2020,12,580
YEVATMAL,2020,12,858
WARDHA,2020,12,278
SOLAPUR,2020,12,1113
OSMANABAD,2020,12,457
PARBHANI,2020,12,624
LATUR,2020,12,462
DHULE,2020,12,288
SATARA,2020,12,369
NANDED,2020,12,964
KOLHAPUR,2020,12,285
SANGLI,2020,12,395
CHANDRAPUR,2020,12,187
NAGPUR,2020,12,333
SINDHUDURG,2020,12,36
RAIGARH,2020,12,59
AMRAVATI,2022,11,646
BHANDARA,2022,11,61
NANDURBAR,2022,11,55
CHANDRAPUR,2022,11,111
RATNAGIRI,2022,11,20
GADCHIROLI,2022,11,16
THANE,2022,11,28
WARDHA,2022,11,172
SINDHUDURG,2022,11,25
RAIGARH,2022,11,8
NANDURBAR,2023,6,49
SINDHUDURG,2023,6,14
GONDIYA,2022,11,32
SOLAPUR,2022,5,694
AMRAVATI,2022,5,488
AHMADNAGAR,2022,5,497
BEED,2022,5,392
DHULE,2022,5,166
AURANGABAD,2022,5,327
SANGLI,2022,5,205
BULDANA,2022,5,373
JALNA,2022,5,260
GADCHIROLI,2023,6,98
HINGOLI,2018,11,513
DHULE,2018,11,159
YEVATMAL,2018,11,958
NANDED,2018,11,1152
AKOLA,2018,11,584
AURANGABAD,2018,11,701
WARDHA,2018,11,200
JALGAON,2018,11,479
BULDANA,2018,11,1129
SANGLI,2018,11,407
NASIK,2018,11,926
LATUR,2018,11,576
WASHIM,2018,11,836
SOLAPUR,2018,11,1277
OSMANABAD,2018,11,554
JALNA,2018,11,683
SATARA,2018,11,295
KOLHAPUR,2018,11,192
AMRAVATI,2018,11,550
THANE,2023,6,29
BEED,2018,11,659
AHMADNAGAR,2018,11,1026
PUNE,2018,11,484
NAGPUR,2018,11,236
PARBHANI,2018,11,766
JALNA,2020,12,757
RATNAGIRI,2020,12,49
GADCHIROLI,2020,12,31
GONDIYA,2020,12,57
THANE,2020,12,53
PALGHAR,2020,12,21
MUMBAI,2020,12,40
AKOLA,2022,5,263
YEVATMAL,2022,5,597
SATARA,2022,5,184
OSMANABAD,2022,5,255
NANDURBAR,2020,12,53
MUMBAI,2023,6,5
RATNAGIRI,2023,6,17
MUMBAI,2019,6,25
PALGHAR,2023,6,18
LATUR,2022,5,290
PUNE,2022,5,263
NANDED,2022,5,593
WASHIM,2022,5,374
NASIK,2022,5,380
NAGPUR,2022,5,147
JALGAON,2022,5,254
RAIGARH,2019,6,30
THANE,2023,8,15
GADCHIROLI,2015,11,137
NAGPUR,2022,3,251
RATNAGIRI,2022,3,44
CHANDRAPUR,2022,3,128
LATUR,2022,3,537
OSMANABAD,2022,3,464
PALGHAR,2015,11,10
MUMBAI,2022,3,37
PALGHAR,2023,8,5
RAIGARH,2023,8,4
SOLAPUR,2017,6,3604
PARBHANI,2017,6,3584
NASIK,2017,6,3065
BULDANA,2017,6,5877
RAIGARH,2017,6,18
WARDHA,2017,6,1108
AURANGABAD,2017,6,3932
AMRAVATI,2017,6,2590
PUNE,2017,6,1198
JALNA,2017,6,3505
NANDED,2017,6,4968
JALGAON,2017,6,3468
LATUR,2017,6,1835
0,2017,6,239
OSMANABAD,2017,6,1891
AHMADNAGAR,2017,6,4331
BEED,2017,6,3031
THANE,2017,6,60
KOLHAPUR,2017,6,924
HINGOLI,2017,6,2486
SANGLI,2017,6,1026
YEVATMAL,2017,6,3823
WASHIM,2017,6,3999
CHANDRAPUR,2017,6,991
NAGPUR,2017,6,1283
BHANDARA,2017,6,359
DHULE,2017,6,1103
AKOLA,2017,6,3020
GADCHIROLI,2017,6,124
GONDIYA,2017,6,197
CHANDRAPUR,2018,3,252
0,2015,11,6
SATARA,2017,6,756
NANDURBAR,2017,6,169
0,2017,12,161
SOLAPUR,2013,9,1539
AMRAVATI,2013,9,1048
BHANDARA,2013,9,249
KOLHAPUR,2017,12,528
NAGPUR,2013,9,487
GADCHIROLI,2013,9,43
DHULE,2013,9,405
GONDIYA,2013,9,104
WASHIM,2013,9,768
MUMBAI,2017,6,30
THANE,2013,9,31
DHULE,2018,3,428
NANDURBAR,2013,9,99
SINDHUDURG,2013,9,9
NASIK,2011,10,120
HINGOLI,2011,10,54
AURANGABAD,2011,10,141
BEED,2011,10,124
WARDHA,2011,10,23
JALNA,2011,10,89
BULDANA,2011,10,126
NANDURBAR,2011,10,5
CHANDRAPUR,2011,10,25
JALGAON,2011,10,92
WASHIM,2011,10,51
OSMANABAD,2011,10,54
AMRAVATI,2011,10,52
SOLAPUR,2011,10,61
SANGLI,2011,10,32
LATUR,2011,10,48
AKOLA,2011,10,44
AHMADNAGAR,2011,10,164
YEVATMAL,2011,10,72
PARBHANI,2011,10,79
PUNE,2011,10,42
SINDHUDURG,2011,10,3
DHULE,2011,10,26
RAIGARH,2011,10,3
BHANDARA,2011,10,14
THANE,2011,10,6
SATARA,2011,10,27
NANDURBAR,2017,12,82
MUMBAI,2013,9,15
RAIGARH,2017,12,51
AURANGABAD,2013,2,1423
KOLHAPUR,2013,2,677
PUNE,2013,2,1404
LATUR,2013,2,876
YEVATMAL,2013,2,1220
BULDANA,2013,2,1351
WARDHA,2013,2,382
OSMANABAD,2013,2,778
SINDHUDURG,2013,2,68
AHMADNAGAR,2013,2,2651
DHULE,2013,2,607
SATARA,2013,2,743
JALGAON,2013,2,1352
SANGLI,2013,2,774
WASHIM,2013,2,777
HINGOLI,2013,2,835
PARBHANI,2013,2,1047
SOLAPUR,2013,2,1771
NASIK,2013,2,2110
JALNA,2013,2,1107
AMRAVATI,2013,2,1092
CHANDRAPUR,2013,2,352
THANE,2013,2,172
AKOLA,2013,2,950
BHANDARA,2013,2,350
NANDED,2013,2,1222
BEED,2013,2,1152
GADCHIROLI,2013,2,161
RAIGARH,2013,2,102
MUMBAI,2013,2,79
RATNAGIRI,2013,2,92
GONDIYA,2013,2,203
NAGPUR,2013,2,532
NANDURBAR,2013,2,164
RATNAGIRI,2023,3,11
MUMBAI,2023,3,10
0,2020,12,7
NANDED,2011,10,61
KOLHAPUR,2011,10,24
NAGPUR,2011,10,30
9999,2013,2,20
SINDHUDURG,2017,12,31
9999,2013,9,21
RAIGARH,2013,9,20
RATNAGIRI,2013,9,19
RATNAGIRI,2017,12,38
WARDHA,2022,5,95
HINGOLI,2022,5,275
GONDIYA,2022,5,57
MUMBAI,2022,5,15
KOLHAPUR,2022,5,259
BHANDARA,2022,5,69
PARBHANI,2022,5,377
NANDURBAR,2022,5,28
PALGHAR,2022,11,7
CHANDRAPUR,2022,5,67
0,2020,6,13
SATARA,2020,6,27
AKOLA,2020,6,65
WASHIM,2020,6,59
KOLHAPUR,2020,6,22
NAGPUR,2020,6,35
NASIK,2020,6,54
OSMANABAD,2020,6,27
BULDANA,2020,6,109
SANGLI,2020,6,23
YEVATMAL,2020,6,103
NANDED,2020,6,96
THANE,2020,6,4
JALNA,2020,6,52
SINDHUDURG,2022,5,13
BULDANA,2009,2,62
BEED,2009,2,245
PUNE,2009,2,156
AURANGABAD,2009,2,171
PARBHANI,2009,2,87
SATARA,2009,2,177
9999,2009,2,65
SOLAPUR,2009,2,161
KOLHAPUR,2009,2,152
AHMADNAGAR,2009,2,762
NASIK,2009,2,217
NANDED,2009,2,77
JALNA,2009,2,57
OSMANABAD,2009,2,140
JALGAON,2009,2,130
AMRAVATI,2009,2,139
SANGLI,2009,2,140
THANE,2009,2,38
YEVATMAL,2009,2,45
PARBHANI,2020,6,50
AHMADNAGAR,2020,6,58
AMRAVATI,2020,6,55
JALGAON,2020,6,61
HINGOLI,2020,6,20
BHANDARA,2020,6,10
AURANGABAD,2019,8,4309
PARBHANI,2019,8,5717
BEED,2019,8,3807
AHMADNAGAR,2019,8,3343
BULDANA,2019,8,5483
HINGOLI,2019,8,3332
NANDED,2019,8,5609
CHANDRAPUR,2019,8,764
JALNA,2019,8,4579
LATUR,2019,8,2409
NASIK,2019,8,3129
AKOLA,2019,8,2318
PUNE,2019,8,1205
YEVATMAL,2019,8,4539
SOLAPUR,2019,8,3082
WARDHA,2019,8,791
WASHIM,2019,8,4245
GONDIYA,2019,8,164
OSMANABAD,2019,8,2096
JALGAON,2019,8,2332
AMRAVATI,2019,8,2122
DHULE,2019,8,680
SANGLI,2019,8,705
SATARA,2019,8,631
PARBHANI,2010,1,96
JALGAON,2010,1,135
JALNA,2010,1,132
BEED,2010,1,143
AHMADNAGAR,2010,1,339
OSMANABAD,2010,1,106
NASIK,2010,1,138
AURANGABAD,2010,1,236
PUNE,2010,1,67
BHANDARA,2010,1,19
NAGPUR,2010,1,37
MUMBAI,2010,1,5
KOLHAPUR,2010,1,42
SANGLI,2010,1,70
DHULE,2010,1,59
LATUR,2010,1,58
BULDANA,2010,1,135
NANDED,2010,1,92
9999,2009,4,144
KOLHAPUR,2009,4,167
AMRAVATI,2009,4,282
THANE,2009,4,47
NANDURBAR,2009,4,21
PARBHANI,2009,4,137
AKOLA,2009,4,99
SATARA,2009,4,255
AURANGABAD,2009,4,175
WASHIM,2009,4,56
0,2022,11,1
GONDIYA,2018,3,137
MUMBAI,2018,3,16
0,2018,3,14
RATNAGIRI,2018,3,29
SINDHUDURG,2018,3,27
BEED,2009,4,217
AHMADNAGAR,2009,4,792
BULDANA,2009,4,91
JALNA,2009,4,88
PUNE,2009,4,263
OSMANABAD,2009,4,109
JALGAON,2009,4,156
YEVATMAL,2009,4,49
SOLAPUR,2009,4,173
NASIK,2009,4,223
NAGPUR,2009,4,109
SANGLI,2009,4,199
DHULE,2009,4,52
RAIGARH,2009,4,28
SINDHUDURG,2009,4,16
BHANDARA,2009,4,54
NANDED,2009,4,57
GONDIYA,2009,4,38
HINGOLI,2009,4,16
CHANDRAPUR,2009,4,22
RATNAGIRI,2017,6,56
THANE,2018,3,53
GADCHIROLI,2018,3,58
PALGHAR,2017,6,15
RATNAGIRI,2009,4,3
WARDHA,2009,4,36
LATUR,2009,4,42
SINDHUDURG,2017,6,24
BULDANA,2009,10,97
PARBHANI,2009,10,151
LATUR,2009,10,74
AURANGABAD,2009,10,316
BEED,2009,10,102
PUNE,2009,10,29
JALNA,2009,10,144
NANDED,2009,10,179
Mumbai Suburban,2017,12,2
SANGLI,2015,3,2449
JALGAON,2015,3,3210
BULDANA,2015,3,4636
AHMADNAGAR,2015,3,5624
LATUR,2015,3,1468
DHULE,2015,3,1215
BEED,2015,3,2902
NASIK,2015,3,5360
PUNE,2015,3,2155
PARBHANI,2015,3,2144
AKOLA,2015,3,2304
SOLAPUR,2015,3,6034
AMRAVATI,2015,3,1905
BHANDARA,2015,3,359
AURANGABAD,2015,3,3174
WASHIM,2015,3,1866
SATARA,2015,3,1526
YEVATMAL,2015,3,1823
JALNA,2015,3,2484
HINGOLI,2015,3,1890
OSMANABAD,2015,3,2002
CHANDRAPUR,2018,11,175
NAGPUR,2015,3,839
NANDURBAR,2015,3,152
CHANDRAPUR,2015,3,332
KOLHAPUR,2015,3,1447
NANDED,2015,3,2640
GONDIYA,2015,3,218
WARDHA,2015,3,454
SINDHUDURG,2015,3,51
RATNAGIRI,2015,3,67
GADCHIROLI,2015,3,70
MUMBAI,2015,3,35
SOLAPUR,2018,5,1736
AURANGABAD,2018,5,1260
YEVATMAL,2018,5,1186
THANE,2018,5,127
BULDANA,2018,5,1195
HINGOLI,2018,5,908
0,2018,5,118
WARDHA,2018,5,189
NASIK,2018,5,1316
AHMADNAGAR,2018,5,2052
CHANDRAPUR,2018,5,199
RATNAGIRI,2018,5,40
AKOLA,2018,5,718
NANDED,2018,5,1327
JALGAON,2018,5,693
PARBHANI,2018,5,1210
NAGPUR,2018,5,312
JALNA,2018,5,1089
KOLHAPUR,2018,5,508
BEED,2018,5,1145
LATUR,2018,5,741
AMRAVATI,2018,5,760
WASHIM,2018,5,790
SATARA,2018,5,406
OSMANABAD,2018,5,815
PUNE,2018,5,696
DHULE,2018,5,369
GADCHIROLI,2018,5,39
SANGLI,2018,5,542
THANE,2015,3,166
NANDURBAR,2018,5,59
BHANDARA,2018,5,108
GONDIYA,2018,5,96
SOLAPUR,2012,10,569
AURANGABAD,2012,10,703
KOLHAPUR,2012,10,116
HINGOLI,2012,10,459
OSMANABAD,2012,10,311
YEVATMAL,2012,10,633
NASIK,2012,10,889
AHMADNAGAR,2012,10,877
JALNA,2012,10,729
PARBHANI,2012,10,446
AMRAVATI,2012,10,409
BHANDARA,2012,10,98
AKOLA,2012,10,440
JALGAON,2012,10,462
BEED,2012,10,561
THANE,2012,10,21
BULDANA,2012,10,826
CHANDRAPUR,2012,10,181
GONDIYA,2012,10,56
WASHIM,2012,10,413
NANDURBAR,2012,10,36
NAGPUR,2012,10,252
LATUR,2012,10,287
DHULE,2012,10,149
PUNE,2012,10,281
NANDED,2012,10,500
WARDHA,2012,10,245
SANGLI,2012,10,184
SATARA,2012,10,162
MUMBAI,2017,12,46
NANDURBAR,2018,11,31
SINDHUDURG,2018,11,14
RAIGARH,2018,3,38
Mumbai Suburban,2018,3,4
JALGAON,2009,10,91
SOLAPUR,2009,10,56
OSMANABAD,2009,10,102
GONDIYA,2009,10,7
AKOLA,2009,10,42
YEVATMAL,2009,10,102
AHMADNAGAR,2009,10,189
NASIK,2009,10,61
HINGOLI,2009,10,41
PUNE,2008,12,10
AHMADNAGAR,2008,12,9
SOLAPUR,2008,12,7
AURANGABAD,2008,12,15
AMRAVATI,2008,12,11
CHANDRAPUR,2008,12,1
WASHIM,2008,12,6
GONDIYA,2008,12,2
PARBHANI,2008,12,5
JALNA,2008,12,1
BULDANA,2008,12,10
JALGAON,2008,12,7
AKOLA,2008,12,3
SANGLI,2008,12,4
SANGLI,2009,10,60
WASHIM,2009,10,30
BHANDARA,2009,10,6
DHULE,2009,10,21
RATNAGIRI,2009,10,1
KOLHAPUR,2009,10,23
NANDURBAR,2009,10,7
NAGPUR,2009,10,16
9999,2009,10,8
WARDHA,2009,10,10
AMRAVATI,2009,10,55
SATARA,2009,10,34
CHANDRAPUR,2009,10,6
SOLAPUR,2020,6,65
BEED,2020,6,43
AURANGABAD,2020,6,60
LATUR,2020,6,27
WARDHA,2020,6,28
SINDHUDURG,2020,6,2
RATNAGIRI,2022,5,18
DHULE,2020,6,19
CHANDRAPUR,2020,6,29
PUNE,2020,6,34
NANDURBAR,2020,6,1
DHULE,2009,2,47
NAGPUR,2009,2,45
AMRAVATI,2021,2,1150
PARBHANI,2021,2,995
SOLAPUR,2021,2,1605
NANDED,2021,2,1862
BULDANA,2021,2,1674
AURANGABAD,2021,2,1263
YEVATMAL,2021,2,1383
MUMBAI,2021,2,42
NASIK,2021,2,1363
BEED,2021,2,1046
KOLHAPUR,2021,2,471
NAGPUR,2021,2,564
AHMADNAGAR,2021,2,1542
AKOLA,2021,2,929
OSMANABAD,2021,2,658
SANGLI,2021,2,445
DHULE,2021,2,424
HINGOLI,2021,2,794
JALNA,2021,2,1047
PUNE,2021,2,654
JALGAON,2021,2,765
LATUR,2021,2,853
WASHIM,2021,2,1248
THANE,2021,2,55
GONDIYA,2021,2,116
SATARA,2021,2,368
WARDHA,2021,2,329
CHANDRAPUR,2021,2,270
BHANDARA,2021,2,137
NANDURBAR,2021,2,88
RAIGARH,2021,2,55
NANDED,2010,7,195
PARBHANI,2010,7,127
SATARA,2010,7,70
AHMADNAGAR,2010,7,258
WASHIM,2010,7,209
NASIK,2010,7,263
BHANDARA,2018,11,83
0,2018,11,40
RAIGARH,2018,11,19
SOLAPUR,2010,7,101
LATUR,2010,7,74
WARDHA,2010,7,53
JALGAON,2010,7,202
NAGPUR,2010,7,73
AMRAVATI,2010,7,124
AURANGABAD,2010,7,263
YEVATMAL,2010,7,172
JALNA,2010,7,180
DHULE,2010,7,56
AKOLA,2010,7,103
BULDANA,2010,7,277
BEED,2010,7,164
NANDURBAR,2010,7,12
PUNE,2010,7,104
CHANDRAPUR,2010,7,41
RAIGARH,2009,2,14
AKOLA,2022,12,526
LATUR,2022,12,540
NASIK,2022,12,722
AHMADNAGAR,2022,12,931
NAGPUR,2022,12,262
BEED,2022,12,628
OSMANABAD,2022,12,407
WARDHA,2022,12,177
JALGAON,2022,12,422
DHULE,2022,12,468
PARBHANI,2022,12,512
YEVATMAL,2022,12,959
SANGLI,2022,12,306
SOLAPUR,2022,12,821
AURANGABAD,2022,12,683
JALNA,2022,12,655
NANDED,2022,12,1075
CHANDRAPUR,2022,12,141
RAIGARH,2022,12,22
NANDED,2023,12,1053
WASHIM,2023,12,852
LATUR,2023,12,434
DHULE,2023,12,241
BHANDARA,2023,12,121
AURANGABAD,2023,12,615
OSMANABAD,2023,12,440
PUNE,2023,12,229
SOLAPUR,2023,12,770
AHMADNAGAR,2023,12,791
AMRAVATI,2023,12,567
JALNA,2023,12,498
AKOLA,2021,11,1040
BULDANA,2021,11,1441
PUNE,2021,11,482
YEVATMAL,2021,11,1444
AMRAVATI,2021,11,975
PARBHANI,2021,11,867
AHMADNAGAR,2021,11,1165
WARDHA,2021,11,420
SANGLI,2021,11,387
NAGPUR,2021,11,427
SOLAPUR,2021,11,1376
NANDED,2021,11,1982
WASHIM,2021,11,1161
JALNA,2021,11,757
SATARA,2021,11,364
AURANGABAD,2021,11,833
RATNAGIRI,2021,11,49
NASIK,2021,11,935
NASIK,2023,12,573
YEVATMAL,2023,12,1149
JALGAON,2023,12,459
BULDANA,2023,12,1014
BEED,2023,12,652
NAGPUR,2023,12,330
PARBHANI,2023,12,549
AKOLA,2023,12,566
HINGOLI,2023,12,453
CHANDRAPUR,2023,12,190
HINGOLI,2022,12,440
RATNAGIRI,2022,12,22
AMRAVATI,2022,12,787
PUNE,2022,12,337
BULDANA,2022,12,1006
WASHIM,2022,12,742
WASHIM,2021,4,527
SANGLI,2021,4,247
AHMADNAGAR,2021,4,761
NASIK,2021,4,553
AURANGABAD,2021,4,473
NANDED,2021,4,661
WARDHA,2021,4,100
BULDANA,2021,4,571
LATUR,2021,4,355
JALNA,2021,4,394
SOLAPUR,2021,4,701
PARBHANI,2021,4,437
AMRAVATI,2021,4,518
PUNE,2021,4,383
CHANDRAPUR,2021,4,109
JALGAON,2021,11,657
OSMANABAD,2021,11,625
DHULE,2021,11,240
HINGOLI,2021,11,684
BEED,2021,11,899
THANE,2021,11,55
BHANDARA,2021,11,143
NANDURBAR,2021,11,66
KOLHAPUR,2021,11,341
LATUR,2021,11,722
CHANDRAPUR,2021,11,293
RAIGARH,2021,11,34
AMRAVATI,2020,11,460
JALNA,2020,11,497
JALGAON,2020,11,473
AURANGABAD,2020,11,594
SOLAPUR,2020,11,815
NASIK,2020,11,751
LATUR,2020,11,388
BULDANA,2020,11,704
WARDHA,2020,11,202
HINGOLI,2020,11,413
PUNE,2020,11,347
YEVATMAL,2020,11,685
WASHIM,2020,11,609
AHMADNAGAR,2020,11,889
SANGLI,2020,11,279
OSMANABAD,2020,11,362
NANDED,2020,11,880
SATARA,2020,11,209
BEED,2020,11,570
KOLHAPUR,2020,11,178
PARBHANI,2020,11,588
PALGHAR,2020,11,15
GONDIYA,2022,12,52
GADCHIROLI,2022,12,41
KOLHAPUR,2022,12,206
PALGHAR,2022,12,5
AKOLA,2020,11,431
DHULE,2020,11,169
NAGPUR,2020,11,200
THANE,2020,11,26
SINDHUDURG,2020,11,26
CHANDRAPUR,2020,11,161
AKOLA,2023,7,919
BEED,2023,7,1065
BEED,2021,4,487
HINGOLI,2021,4,451
YEVATMAL,2021,4,634
OSMANABAD,2021,4,309
SOLAPUR,2023,7,1052
SATARA,2023,7,212
AURANGABAD,2023,7,1056
NAGPUR,2023,7,551
NANDED,2023,7,2322
DHULE,2023,7,329
PARBHANI,2023,7,1153
AMRAVATI,2023,7,944
YEVATMAL,2023,7,2138
BULDANA,2023,7,1682
JALNA,2023,7,924
JALGAON,2023,7,830
SATARA,2022,12,271
BHANDARA,2022,12,64
AHMADNAGAR,2023,7,1109
LATUR,2023,7,848
AKOLA,2021,4,325
KOLHAPUR,2021,4,203
SATARA,2021,4,216
JALGAON,2021,4,360
GADCHIROLI,2021,4,32
NAGPUR,2021,4,174
NANDURBAR,2022,12,52
GADCHIROLI,2023,7,97
HINGOLI,2023,7,728
DHULE,2021,4,166
THANE,2022,12,30
GADCHIROLI,2021,11,90
SANGLI,2023,12,304
SATARA,2023,12,154
MUMBAI,2022,12,13
SINDHUDURG,2022,12,19
RATNAGIRI,2021,4,21
KOLHAPUR,2023,12,209
WARDHA,2023,12,195
GONDIYA,2023,12,77
PALGHAR,2023,12,7
NANDURBAR,2023,12,39
RATNAGIRI,2023,12,8
GONDIYA,2021,11,73
THANE,2023,12,24
SINDHUDURG,2021,11,39
NANDURBAR,2020,11,38
BHANDARA,2020,11,60
GONDIYA,2020,11,43
GADCHIROLI,2020,11,26
RAIGARH,2020,11,19
MUMBAI,2021,4,15
GADCHIROLI,2023,12,35
KOLHAPUR,2023,7,241
MUMBAI,2020,11,18
RATNAGIRI,2020,11,18
MUMBAI,2023,12,13
NAGPUR,2023,1,280
YEVATMAL,2023,1,752
SOLAPUR,2023,1,731
LATUR,2023,1,353
WARDHA,2023,1,207
WASHIM,2023,1,714
AKOLA,2023,1,493
DHULE,2023,1,346
AHMADNAGAR,2023,1,796
HINGOLI,2023,1,308
JALNA,2023,1,631
NANDED,2023,1,919
AMRAVATI,2023,1,696
NASIK,2023,1,508
CHANDRAPUR,2023,1,137
SANGLI,2023,1,223
PARBHANI,2023,1,479
KOLHAPUR,2023,1,218
AURANGABAD,2023,1,667
SINDHUDURG,2023,1,15
NANDURBAR,2023,1,47
JALGAON,2023,1,395
BEED,2023,1,582
RAIGARH,2023,1,16
PUNE,2023,1,320
BULDANA,2023,1,889
THANE,2023,1,27
OSMANABAD,2023,1,269
BHANDARA,2023,1,64
GONDIYA,2023,1,52
SATARA,2023,1,219
GADCHIROLI,2023,1,55
AURANGABAD,2014,7,2324
BEED,2014,7,2209
AMRAVATI,2014,7,1684
NANDED,2014,7,3698
YEVATMAL,2014,7,2929
PARBHANI,2014,7,2948
BULDANA,2014,7,4097
KOLHAPUR,2014,7,530
NASIK,2014,7,3073
WASHIM,2014,7,2199
JALGAON,2014,7,2202
NAGPUR,2014,7,924
HINGOLI,2014,7,1889
JALNA,2014,7,2429
WARDHA,2014,7,889
SANGLI,2014,7,789
AHMADNAGAR,2014,7,2675
RATNAGIRI,2014,7,34
OSMANABAD,2014,7,1403
AKOLA,2014,7,1907
RAIGARH,2014,7,30
SOLAPUR,2014,7,2668
GONDIYA,2014,7,147
BHANDARA,2014,7,288
PUNE,2014,7,1099
AURANGABAD,2016,4,2604
WASHIM,2016,4,1476
BHANDARA,2016,4,353
YEVATMAL,2016,4,1764
LATUR,2016,4,1451
JALNA,2016,4,1962
NANDED,2016,4,2415
KOLHAPUR,2016,4,1211
SOLAPUR,2016,4,3688
GONDIYA,2016,4,286
JALGAON,2016,4,1613
OSMANABAD,2016,4,1748
PARBHANI,2016,4,2081
AKOLA,2016,4,2000
BULDANA,2016,4,2717
PUNE,2016,4,2312
HINGOLI,2016,4,1566
NASIK,2016,4,3120
CHANDRAPUR,2016,4,455
NAGPUR,2016,4,893
AHMADNAGAR,2016,4,3944
DHULE,2016,4,1035
SATARA,2016,4,1182
SANGLI,2016,4,1308
RATNAGIRI,2016,4,70
BEED,2016,4,2192
PALGHAR,2023,1,10
DHULE,2014,7,543
CHANDRAPUR,2014,7,501
LATUR,2014,7,1341
SATARA,2014,7,626
CHANDRAPUR,2013,7,236
NASIK,2013,7,2617
NANDURBAR,2013,7,74
AKOLA,2013,7,1219
YEVATMAL,2013,7,1408
SATARA,2013,7,509
PARBHANI,2013,7,1623
AHMADNAGAR,2013,7,2885
AURANGABAD,2013,7,2728
BULDANA,2013,7,2311
JALGAON,2013,7,1531
SOLAPUR,2013,7,1451
NANDED,2013,7,2068
AMRAVATI,2013,7,1017
JALNA,2013,7,2647
SANGLI,2013,7,559
OSMANABAD,2013,7,1286
BEED,2013,7,1996
KOLHAPUR,2013,7,373
LATUR,2013,7,1156
HINGOLI,2013,7,1269
WARDHA,2013,7,481
WASHIM,2013,7,1160
DHULE,2013,7,419
BHANDARA,2013,7,182
PUNE,2013,7,823
NAGPUR,2013,7,656
THANE,2013,7,50
GONDIYA,2013,7,78
PUNE,2022,10,297
PARBHANI,2022,10,776
BULDANA,2022,10,1508
LATUR,2022,10,665
HINGOLI,2022,10,811
SOLAPUR,2022,10,832
CHANDRAPUR,2022,10,216
SANGLI,2022,10,288
JALNA,2022,10,738
JALGAON,2022,10,568
GONDIYA,2022,10,72
DHULE,2022,10,320
AURANGABAD,2022,10,763
AMRAVATI,2022,10,714
NANDED,2022,10,1588
SATARA,2022,10,212
AHMADNAGAR,2022,10,885
YEVATMAL,2022,10,1411
OSMANABAD,2022,10,444
NASIK,2022,10,874
AKOLA,2022,10,715
KOLHAPUR,2022,10,207
WASHIM,2022,10,1125
BEED,2022,10,852
NAGPUR,2022,10,506
RATNAGIRI,2022,10,7
YEVATMAL,2022,4,426
NANDED,2022,4,445
HINGOLI,2022,4,190
AURANGABAD,2022,4,350
AKOLA,2022,4,230
JALGAON,2022,4,248
AMRAVATI,2022,4,439
PARBHANI,2022,4,287
SATARA,2022,4,185
OSMANABAD,2022,4,272
SOLAPUR,2022,4,713
DHULE,2022,4,165
NAGPUR,2022,4,207
LATUR,2022,4,277
SANGLI,2022,4,246
NASIK,2022,4,474
BEED,2022,4,389
THANE,2022,4,21
BULDANA,2022,4,397
AHMADNAGAR,2022,4,556
BHANDARA,2022,4,69
JALNA,2022,4,318
RATNAGIRI,2022,4,19
SINDHUDURG,2022,4,27
CHANDRAPUR,2022,4,85
AHMADNAGAR,2020,7,3
KOLHAPUR,2022,4,298
WARDHA,2022,4,135
LATUR,2020,7,1
WARDHA,2022,10,312
WASHIM,2022,4,292
PUNE,2022,4,291
MUMBAI,2022,4,28
RAIGARH,2022,4,18
AMRAVATI,2021,12,1106
BULDANA,2021,12,1416
NASIK,2021,12,1337
KOLHAPUR,2021,12,457
NAGPUR,2021,12,437
WASHIM,2021,12,1161
SOLAPUR,2021,12,1530
DHULE,2021,12,432
AHMADNAGAR,2021,12,1517
HINGOLI,2021,12,618
LATUR,2021,12,846
AKOLA,2021,12,926
YEVATMAL,2021,12,1391
AURANGABAD,2021,12,933
JALGAON,2021,12,796
PUNE,2021,12,655
SANGLI,2021,12,525
OSMANABAD,2021,12,780
PARBHANI,2021,12,977
NANDED,2021,12,1498
BHANDARA,2021,12,130
GONDIYA,2021,12,108
JALNA,2021,12,1174
GADCHIROLI,2021,12,81
BEED,2021,12,1148
RAIGARH,2021,12,32
WARDHA,2021,12,279
PALGHAR,2021,12,37
SATARA,2021,12,530
SINDHUDURG,2021,12,58
BHANDARA,2022,10,99
CHANDRAPUR,2021,12,258
RATNAGIRI,2021,12,70
GADCHIROLI,2022,10,44
THANE,2022,10,20
NANDURBAR,2022,10,42
PALGHAR,2022,10,13
SINDHUDURG,2022,10,11
YEVATMAL,2023,5,801
AMRAVATI,2023,5,222
AHMADNAGAR,2023,5,476
JALNA,2023,5,316
NASIK,2023,5,327
PUNE,2023,5,239
KOLHAPUR,2023,5,239
HINGOLI,2023,5,255
SATARA,2023,5,131
SOLAPUR,2023,5,476
NANDED,2023,5,815
BULDANA,2023,5,577
PARBHANI,2023,5,350
WASHIM,2023,5,564
LATUR,2023,5,384
SANGLI,2023,5,259
DHULE,2023,5,177
GONDIYA,2023,5,88
AKOLA,2023,5,288
NAGPUR,2023,5,277
OSMANABAD,2023,5,225
MUMBAI,2021,12,46
NANDURBAR,2021,12,95
AURANGABAD,2023,5,371
WARDHA,2023,5,105
JALGAON,2023,5,291
BEED,2023,5,423
GADCHIROLI,2022,4,61
BEED,2014,9,2394
PUNE,2009,3,208
BULDANA,2009,3,106
AHMADNAGAR,2009,3,841
KOLHAPUR,2009,3,139
JALGAON,2009,3,184
NASIK,2009,3,221
SATARA,2009,3,190
SANGLI,2009,3,148
AMRAVATI,2009,3,229
BEED,2009,3,230
NAGPUR,2009,3,81
WARDHA,2009,3,25
RATNAGIRI,2009,3,6
YEVATMAL,2009,3,32
AURANGABAD,2009,3,209
JALNA,2009,3,100
OSMANABAD,2009,3,108
SINDHUDURG,2009,3,15
SOLAPUR,2009,3,190
SOLAPUR,2014,9,2350
BULDANA,2014,9,2869
SANGLI,2014,9,665
JALGAON,2014,9,1611
PARBHANI,2014,9,2187
NANDED,2014,9,2642
WASHIM,2014,9,1540
AHMADNAGAR,2014,9,2672
AMRAVATI,2014,9,1255
NAGPUR,2014,9,691
AKOLA,2014,9,1748
HINGOLI,2014,9,1619
YEVATMAL,2014,9,1968
OSMANABAD,2014,9,1476
JALNA,2014,9,2121
BHANDARA,2009,3,33
AKOLA,2009,3,68
GADCHIROLI,2019,8,126
NANDED,2023,11,1188
AMRAVATI,2023,11,406
SOLAPUR,2023,11,809
BEED,2023,11,661
AHMADNAGAR,2023,11,804
AURANGABAD,2023,11,581
YEVATMAL,2023,11,921
AKOLA,2023,11,466
JALGAON,2023,11,414
WASHIM,2023,11,685
PARBHANI,2023,11,530
OSMANABAD,2023,11,445
LATUR,2023,11,637
BULDANA,2023,11,871
KOLHAPUR,2023,11,237
HINGOLI,2023,11,410
NAGPUR,2023,11,223
DHULE,2023,11,231
PUNE,2023,11,309
SANGLI,2023,11,327
CHANDRAPUR,2023,5,144
RAIGARH,2023,11,14
JALNA,2023,11,485
CHANDRAPUR,2023,11,230
BHANDARA,2023,11,96
SATARA,2023,11,174
WARDHA,2023,11,181
NASIK,2023,11,568
GADCHIROLI,2023,11,61
THANE,2023,11,48
GADCHIROLI,2023,5,28
MUMBAI,2022,10,8
DHULE,2014,9,510
LATUR,2014,9,1114
NASIK,2014,9,2519
AURANGABAD,2014,9,2498
GONDIYA,2017,1,114
BULDANA,2017,1,2441
AHMADNAGAR,2017,1,3476
JALNA,2017,1,2312
NANDED,2017,1,2916
PARBHANI,2017,1,1934
SOLAPUR,2017,1,3857
PUNE,2017,1,1358
WASHIM,2017,1,1467
JALGAON,2017,1,1455
KOLHAPUR,2017,1,648
DHULE,2017,1,624
NAGPUR,2017,1,688
AURANGABAD,2017,1,2269
NASIK,2017,1,2261
CHANDRAPUR,2017,1,368
BEED,2017,1,2442
THANE,2017,1,111
YEVATMAL,2017,1,1629
AMRAVATI,2017,1,1400
PARBHANI,2012,5,67
YEVATMAL,2012,5,104
JALGAON,2012,5,154
OSMANABAD,2012,5,79
AHMADNAGAR,2012,5,269
NANDED,2012,5,107
AURANGABAD,2012,5,184
AKOLA,2012,5,95
NANDURBAR,2012,5,7
JALNA,2012,5,174
AURANGABAD,2019,11,2717
HINGOLI,2019,11,1456
BULDANA,2019,11,3608
PARBHANI,2019,11,2318
NANDED,2019,11,3176
NANDURBAR,2019,11,152
AHMADNAGAR,2019,11,2785
SOLAPUR,2019,11,2985
YEVATMAL,2019,11,2908
NASIK,2019,11,3076
JALNA,2019,11,2476
NAGPUR,2019,11,643
WASHIM,2019,11,2045
CHANDRAPUR,2019,11,501
OSMANABAD,2019,11,1351
WARDHA,2019,11,477
AMRAVATI,2019,11,1307
LATUR,2019,11,1514
BEED,2019,11,1684
AKOLA,2019,11,1663
PUNE,2019,11,1197
JALGAON,2019,11,1863
SANGLI,2019,11,700
KOLHAPUR,2019,11,401
SATARA,2017,1,745
OSMANABAD,2017,1,1493
HINGOLI,2017,1,1151
0,2017,1,177
WARDHA,2017,1,486
AKOLA,2017,1,1477
CHANDRAPUR,2014,9,429
BHANDARA,2014,9,210
PUNE,2014,9,806
WARDHA,2012,5,32
BEED,2012,5,176
LATUR,2017,1,1501
SANGLI,2017,1,810
RAIGARH,2017,1,47
GADCHIROLI,2019,11,140
GONDIYA,2019,11,126
GONDIYA,2023,11,105
NANDURBAR,2023,11,21
KOLHAPUR,2019,8,529
NAGPUR,2019,8,1147
BHANDARA,2019,8,285
RATNAGIRI,2019,8,29
NANDURBAR,2019,8,140
WARDHA,2014,9,718
KOLHAPUR,2014,9,371
NASIK,2018,4,1216
SANGLI,2018,4,439
NANDED,2018,4,1243
BHANDARA,2017,1,175
AMRAVATI,2018,4,663
JALNA,2018,4,924
SOLAPUR,2018,4,1816
PUNE,2018,4,715
AHMADNAGAR,2018,4,1871
OSMANABAD,2018,4,803
PARBHANI,2018,4,1215
LATUR,2018,4,842
NAGPUR,2018,4,285
THANE,2018,4,54
SATARA,2018,4,390
AURANGABAD,2018,4,1055
DHULE,2018,4,320
WASHIM,2018,4,628
BULDANA,2018,4,985
HINGOLI,2018,4,910
GADCHIROLI,2018,4,38
YEVATMAL,2018,4,1097
BEED,2018,4,1159
NANDURBAR,2018,4,28
CHANDRAPUR,2018,4,174
MUMBAI,2018,4,14
AKOLA,2018,4,545
KOLHAPUR,2018,4,330
THANE,2014,9,58
BEED,2014,3,1714
LATUR,2014,3,1324
AHMADNAGAR,2014,3,3698
DHULE,2014,3,601
JALGAON,2014,3,1272
JALNA,2014,3,1460
PUNE,2014,3,1500
AKOLA,2014,3,1286
AURANGABAD,2014,3,1657
AMRAVATI,2014,3,1242
SOLAPUR,2014,3,3571
HINGOLI,2014,3,1279
BULDANA,2014,3,2295
OSMANABAD,2014,3,1528
NASIK,2014,3,2655
NANDURBAR,2014,3,132
9999,2014,3,374
YEVATMAL,2014,3,1293
GONDIYA,2014,3,209
MUMBAI,2014,3,49
WARDHA,2014,3,341
PARBHANI,2014,3,1497
BHANDARA,2018,4,115
RATNAGIRI,2018,4,43
SATARA,2014,9,527
DHULE,2019,11,569
SATARA,2019,11,614
CHANDRAPUR,2011,7,26
PUNE,2011,7,66
BULDANA,2011,7,263
NASIK,2011,7,164
JALGAON,2011,7,132
SANGLI,2011,7,59
NANDED,2011,7,147
WASHIM,2011,7,152
AMRAVATI,2011,7,124
BEED,2011,7,119
RAIGARH,2011,7,4
KOLHAPUR,2011,7,56
AURANGABAD,2011,7,183
AHMADNAGAR,2011,7,161
YEVATMAL,2011,7,145
GONDIYA,2011,7,17
GONDIYA,2018,4,105
JALGAON,2018,4,424
WARDHA,2018,4,158
SATARA,2014,3,789
NAGPUR,2014,3,752
NANDED,2014,3,2189
WASHIM,2014,3,1140
KOLHAPUR,2014,3,665
THANE,2014,3,153
NANDURBAR,2014,9,120
RATNAGIRI,2014,9,14
SINDHUDURG,2014,9,17
GONDIYA,2014,9,93
GADCHIROLI,2014,9,61
MUMBAI,2014,9,13
BHANDARA,2023,5,104
RAIGARH,2022,10,3
AMRAVATI,2020,7,6
THANE,2021,12,67
PUNE,2015,2,1867
NASIK,2015,2,3522
AHMADNAGAR,2015,2,4088
NANDURBAR,2023,5,27
NASIK,2015,5,5028
DHULE,2015,5,1233
JALNA,2015,5,2958
BEED,2015,5,3275
PUNE,2015,5,2532
BULDANA,2015,5,4074
WASHIM,2015,5,2017
PARBHANI,2015,5,3393
AURANGABAD,2015,5,3480
SOLAPUR,2015,5,5642
AHMADNAGAR,2015,5,5821
YEVATMAL,2015,5,2261
AKOLA,2015,5,2558
OSMANABAD,2015,5,2215
JALGAON,2015,5,2849
NAGPUR,2015,5,806
NANDED,2015,5,3649
HINGOLI,2015,5,2723
SATARA,2015,5,1703
WARDHA,2015,5,533
LATUR,2015,5,1780
AMRAVATI,2015,5,1883
SANGLI,2015,5,2027
CHANDRAPUR,2015,5,446
THANE,2015,5,170
RATNAGIRI,2015,5,91
KOLHAPUR,2015,5,1545
MUMBAI,2015,5,63
BHANDARA,2015,5,420
SOLAPUR,2012,5,140
NAGPUR,2012,5,56
SANGLI,2012,5,60
NASIK,2012,5,192
BULDANA,2012,5,160
HINGOLI,2012,5,72
AMRAVATI,2012,5,111
WASHIM,2012,5,76
LATUR,2012,5,52
RATNAGIRI,2012,5,6
GADCHIROLI,2012,5,6
PUNE,2012,5,98
KOLHAPUR,2012,5,46
MUMBAI,2012,5,4
GONDIYA,2012,5,12
GADCHIROLI,2017,1,72
RAIGARH,2023,5,9
PALGHAR,2023,5,3
AKOLA,2012,2,50
JALNA,2012,2,56
AURANGABAD,2012,2,80
BULDANA,2012,2,58
NASIK,2012,2,76
HINGOLI,2012,2,25
PUNE,2012,2,50
YEVATMAL,2012,2,83
PARBHANI,2012,2,45
WASHIM,2012,2,38
GONDIYA,2012,2,11
JALGAON,2012,2,49
LATUR,2012,2,23
KOLHAPUR,2012,2,11
BHANDARA,2012,2,14
AMRAVATI,2012,2,37
BEED,2012,2,40
NANDED,2012,2,40
AHMADNAGAR,2012,2,108
SATARA,2012,2,19
NAGPUR,2012,2,25
SOLAPUR,2012,2,52
OSMANABAD,2012,2,36
WARDHA,2012,2,27
NANDURBAR,2012,2,10
CHANDRAPUR,2012,2,14
GONDIYA,2015,5,230
THANE,2012,2,5
RAIGARH,2019,8,30
MUMBAI,2019,8,38
NANDURBAR,2017,1,73
JALGAON,2015,2,2172
OSMANABAD,2015,2,1301
HINGOLI,2015,2,1354
PARBHANI,2015,2,1368
BULDANA,2015,2,2785
NAGPUR,2015,2,586
WARDHA,2015,2,368
MUMBAI,2015,2,40
YEVATMAL,2015,2,1354
JALNA,2015,2,1754
SOLAPUR,2015,2,4116
SATARA,2015,2,1042
AKOLA,2015,2,1483
SANGLI,2015,2,1248
KOLHAPUR,2015,2,926
DHULE,2015,2,969
RATNAGIRI,2015,2,58
AMRAVATI,2015,2,1512
LATUR,2015,2,902
BEED,2015,2,2407
AURANGABAD,2015,2,2192
NANDED,2015,2,1998
CHANDRAPUR,2015,2,320
MUMBAI,2017,1,29
SINDHUDURG,2017,1,38
RATNAGIRI,2017,1,54
SATARA,2012,5,46
CHANDRAPUR,2012,5,21
AKOLA,2022,7,477
AURANGABAD,2022,7,869
YEVATMAL,2022,7,1237
AHMADNAGAR,2022,7,1061
SOLAPUR,2022,7,1014
WASHIM,2022,7,828
SANGLI,2022,7,285
SATARA,2022,7,191
NANDED,2022,7,1410
PARBHANI,2022,7,863
NAGPUR,2022,7,330
DHULE,2022,7,258
PUNE,2022,7,344
BULDANA,2022,7,1213
BEED,2022,7,818
JALGAON,2022,7,685
JALNA,2022,7,716
OSMANABAD,2022,7,549
CHANDRAPUR,2022,7,123
GADCHIROLI,2022,7,61
NASIK,2022,7,761
LATUR,2022,7,619
WARDHA,2022,7,268
HINGOLI,2022,7,606
AMRAVATI,2022,7,855
NANDURBAR,2022,7,59
BHANDARA,2022,7,61
GONDIYA,2022,7,94
RAIGARH,2022,7,8
KOLHAPUR,2022,7,227
MUMBAI,2022,7,4
PALGHAR,2022,7,6
RATNAGIRI,2022,7,9
THANE,2022,7,11
SOLAPUR,2015,1,4166
BULDANA,2015,1,3071
DHULE,2015,1,910
YEVATMAL,2015,1,1481
BEED,2015,1,2264
AURANGABAD,2015,1,2587
AKOLA,2015,1,1483
OSMANABAD,2015,1,1591
AMRAVATI,2015,1,1550
NASIK,2015,1,4068
JALNA,2015,1,2066
KOLHAPUR,2015,1,842
NAGPUR,2015,1,594
CHANDRAPUR,2015,1,319
HINGOLI,2015,1,1468
PARBHANI,2015,1,1543
GONDIYA,2015,1,107
LATUR,2015,1,1123
SANGLI,2015,1,1430
PUNE,2015,1,1731
WASHIM,2015,1,1315
NANDED,2015,1,2199
AHMADNAGAR,2015,1,4491
JALGAON,2015,1,2303
SINDHUDURG,2015,1,63
SATARA,2015,1,1031
NANDURBAR,2015,1,151
WARDHA,2015,1,382
BHANDARA,2015,1,218
THANE,2015,1,202
NANDED,2016,9,4971
SINDHUDURG,2016,9,21
JALNA,2016,9,4953
SANGLI,2016,9,992
BEED,2016,9,4665
OSMANABAD,2016,9,2183
AURANGABAD,2016,9,5012
AHMADNAGAR,2016,9,4628
PARBHANI,2016,9,4307
WASHIM,2016,9,3182
SOLAPUR,2016,9,4841
BULDANA,2016,9,5533
KOLHAPUR,2016,9,543
AKOLA,2016,9,2824
JALGAON,2016,9,2784
YEVATMAL,2016,9,3498
HINGOLI,2016,9,3256
NASIK,2016,9,3931
LATUR,2016,9,1740
NAGPUR,2016,9,1112
AMRAVATI,2016,9,2359
NANDURBAR,2016,9,183
CHANDRAPUR,2016,9,724
SATARA,2016,9,699
GADCHIROLI,2015,1,68
SINDHUDURG,2022,7,9
NANDURBAR,2015,5,171
SINDHUDURG,2015,5,63
GADCHIROLI,2015,5,77
DHULE,2012,2,16
RAIGARH,2015,5,83
PUNE,2015,8,900
HINGOLI,2015,8,2735
WASHIM,2015,8,3128
AHMADNAGAR,2015,8,2798
AURANGABAD,2015,8,3745
SANGLI,2015,8,740
PARBHANI,2015,8,3224
NASIK,2015,8,3470
BEED,2015,8,2854
JALGAON,2015,8,2845
DHULE,2015,8,1064
BULDANA,2015,8,5135
WARDHA,2015,8,790
NANDED,2015,8,4363
LATUR,2015,8,1453
NANDURBAR,2015,8,143
SOLAPUR,2015,8,2834
JALNA,2015,8,3754
AMRAVATI,2015,8,1977
OSMANABAD,2015,8,1397
YEVATMAL,2015,8,2630
NAGPUR,2015,8,855
SATARA,2015,8,718
SANGLI,2014,3,937
BHANDARA,2014,3,297
CHANDRAPUR,2014,3,408
AURANGABAD,2013,10,1644
WARDHA,2013,10,515
PARBHANI,2013,10,1074
NANDED,2013,10,1545
SANGLI,2013,10,618
OSMANABAD,2013,10,1164
SATARA,2013,10,418
AHMADNAGAR,2013,10,2649
BHANDARA,2013,10,258
NAGPUR,2013,10,526
NASIK,2013,10,1774
PUNE,2013,10,734
BEED,2013,10,1490
AMRAVATI,2013,10,940
LATUR,2013,10,817
JALNA,2013,10,1467
JALGAON,2013,10,1028
WASHIM,2013,10,868
GADCHIROLI,2013,10,79
AKOLA,2013,10,994
HINGOLI,2013,10,1073
DHULE,2013,10,337
YEVATMAL,2013,10,1086
CHANDRAPUR,2013,10,390
BULDANA,2013,10,1689
SOLAPUR,2013,10,1733
KOLHAPUR,2013,10,296
WASHIM,2009,9,171
BULDANA,2009,9,463
PARBHANI,2009,9,479
NANDED,2009,9,700
AKOLA,2009,9,126
SOLAPUR,2009,9,182
YEVATMAL,2009,9,300
KOLHAPUR,2009,9,97
HINGOLI,2009,9,209
CHANDRAPUR,2012,6,95
BULDANA,2012,6,879
AHMADNAGAR,2012,6,846
JALGAON,2012,6,705
MUMBAI,2015,1,34
0,2015,1,7
NAGPUR,2012,6,288
JALNA,2012,6,618
KOLHAPUR,2012,6,193
AURANGABAD,2012,6,788
OSMANABAD,2012,6,236
NANDED,2012,6,690
RAIGARH,2015,1,117
SOLAPUR,2012,6,463
NASIK,2012,6,783
HINGOLI,2012,6,298
YEVATMAL,2012,6,409
WASHIM,2012,6,440
BEED,2012,6,450
PUNE,2012,6,284
SATARA,2012,6,144
AKOLA,2012,6,377
LATUR,2012,6,195
PARBHANI,2012,6,390
GONDIYA,2012,6,34
AMRAVATI,2012,6,374
WARDHA,2012,6,171
RATNAGIRI,2015,1,47
THANE,2019,8,42
RAIGARH,2019,11,32
PALGHAR,2019,11,34
MUMBAI,2019,11,30
BHANDARA,2019,11,174
RATNAGIRI,2019,11,42
SINDHUDURG,2019,11,26
SATARA,2019,5,362
WASHIM,2019,5,775
PUNE,2019,5,728
JALNA,2019,5,743
NANDED,2019,5,1646
NASIK,2019,5,996
AURANGABAD,2019,5,2861
BULDANA,2019,5,977
GADCHIROLI,2019,5,34
SANGLI,2019,5,490
AMRAVATI,2019,5,597
KOLHAPUR,2019,5,462
AHMADNAGAR,2019,5,1095
SOLAPUR,2019,5,1286
DHULE,2019,5,245
YEVATMAL,2019,5,1167
PARBHANI,2019,5,1156
OSMANABAD,2019,5,567
RATNAGIRI,2019,5,31
AKOLA,2019,5,500
MUMBAI,2019,5,38
HINGOLI,2019,5,766
RATNAGIRI,2014,3,46
AHMADNAGAR,2009,9,634
JALNA,2009,9,622
AURANGABAD,2009,9,1152
OSMANABAD,2009,9,300
NASIK,2009,9,159
DHULE,2009,9,75
SANGLI,2009,9,85
SATARA,2009,9,69
JALGAON,2009,9,274
PUNE,2009,9,85
BEED,2009,9,324
AMRAVATI,2009,9,225
RATNAGIRI,2009,9,7
NANDURBAR,2009,9,23
GADCHIROLI,2014,3,124
LATUR,2019,5,567
BEED,2019,5,680
0,2019,5,5
CHANDRAPUR,2019,5,167
JALGAON,2019,5,559
RAIGARH,2019,5,36
GONDIYA,2019,5,103
PALGHAR,2019,5,15
SINDHUDURG,2019,5,25
WARDHA,2019,5,181
NAGPUR,2019,5,297
Mumbai Suburban,2019,5,3
AKOLA,2015,8,2188
THANE,2019,5,38
CHANDRAPUR,2015,8,468
BHANDARA,2015,8,241
KOLHAPUR,2015,8,491
NANDURBAR,2019,5,56
RAIGARH,2020,7,2
0,2020,7,2
Mumbai Suburban,2014,3,16
GONDIYA,2013,10,118
RAIGARH,2014,3,70
SINDHUDURG,2014,3,64
NANDURBAR,2013,10,75
THANE,2013,10,60
Mumbai Suburban,2013,10,2
RATNAGIRI,2013,10,21
BHANDARA,2019,5,100
WARDHA,2011,7,62
BHANDARA,2011,7,14
HINGOLI,2011,7,95
GONDIYA,2015,8,134
THANE,2015,8,67
SINDHUDURG,2015,8,25
JALNA,2011,7,135
DHULE,2011,7,46
GADCHIROLI,2015,8,105
AKOLA,2011,7,104
NAGPUR,2011,7,63
SATARA,2011,7,48
SOLAPUR,2011,7,88
LATUR,2011,7,52
THANE,2011,7,4
NANDURBAR,2011,7,9
PARBHANI,2011,7,82
OSMANABAD,2011,7,37
NAGPUR,2020,7,2
CHANDRAPUR,2013,4,385
SOLAPUR,2013,4,2314
SANGLI,2013,4,1210
KOLHAPUR,2013,4,1152
AHMADNAGAR,2013,4,2883
NASIK,2013,4,3234
PARBHANI,2013,4,1505
LATUR,2013,4,1168
AMRAVATI,2013,4,1485
BHANDARA,2013,4,547
OSMANABAD,2013,4,1124
NANDED,2013,4,2038
AKOLA,2013,4,1316
DHULE,2013,4,755
JALGAON,2013,4,1487
PUNE,2013,4,1862
JALNA,2013,4,1885
SATARA,2013,4,1169
NANDURBAR,2013,4,209
BULDANA,2013,4,1634
YEVATMAL,2013,4,1625
AURANGABAD,2013,4,1404
BEED,2013,4,1080
RAIGARH,2015,8,19
HINGOLI,2013,4,1046
NAGPUR,2013,4,860
GONDIYA,2013,4,212
WARDHA,2013,4,506
WASHIM,2013,4,1192
THANE,2013,4,198
MUMBAI,2015,8,13
RATNAGIRI,2013,4,112
GADCHIROLI,2013,4,141
RAIGARH,2013,4,95
0,2015,8,8
KOLHAPUR,2021,1,374
NANDED,2021,1,1178
NASIK,2021,1,1177
SOLAPUR,2021,1,1481
SANGLI,2021,1,408
CHANDRAPUR,2021,1,196
AKOLA,2021,1,731
JALGAON,2021,1,825
AURANGABAD,2021,1,1211
BULDANA,2021,1,1167
AHMADNAGAR,2021,1,1388
PARBHANI,2021,1,715
BEED,2021,1,1068
JALNA,2021,1,855
HINGOLI,2021,1,491
AMRAVATI,2021,1,898
NAGPUR,2021,1,354
WASHIM,2021,1,941
PUNE,2021,1,639
OSMANABAD,2021,1,537
LATUR,2021,1,626
YEVATMAL,2021,1,1072
WARDHA,2021,1,326
DHULE,2021,1,366
BHANDARA,2021,1,114
RATNAGIRI,2021,1,43
SATARA,2021,1,400
PALGHAR,2021,1,34
RAIGARH,2021,1,57
SINDHUDURG,2021,1,36
OSMANABAD,2023,2,181
SATARA,2023,2,131
WASHIM,2023,2,470
AMRAVATI,2023,2,333
GONDIYA,2023,2,34
NAGPUR,2023,2,239
HINGOLI,2023,2,207
AURANGABAD,2023,2,428
LATUR,2023,2,245
BEED,2023,2,435
SOLAPUR,2023,2,545
BULDANA,2023,2,466
NANDED,2023,2,488
AHMADNAGAR,2023,2,629
JALNA,2023,2,415
BHANDARA,2023,2,36
YEVATMAL,2023,2,398
CHANDRAPUR,2023,2,56
RAIGARH,2023,2,22
WARDHA,2023,2,111
NANDURBAR,2023,2,33
JALGAON,2023,2,253
AKOLA,2023,2,227
NASIK,2023,2,347
PUNE,2023,2,198
PARBHANI,2023,2,270
DHULE,2023,2,292
KOLHAPUR,2023,2,163
THANE,2021,1,57
SANGLI,2023,2,163
GONDIYA,2021,1,71
MUMBAI,2021,1,55
GADCHIROLI,2021,1,24
GADCHIROLI,2023,2,23
RATNAGIRI,2023,2,19
PALGHAR,2022,4,10
WASHIM,2015,2,1192
NANDURBAR,2015,2,156
BHANDARA,2015,2,238
RAIGARH,2015,2,95
GONDIYA,2015,2,146
SINDHUDURG,2015,2,73
THANE,2015,2,205
GONDIYA,2022,4,52
PALGHAR,2015,8,4
RAIGARH,2013,10,26
9999,2013,10,14
SINDHUDURG,2013,10,10
9999,2013,4,11
MUMBAI,2013,4,82
SINDHUDURG,2013,4,73
MUMBAI,2013,10,12
THANE,2019,11,74
SANGLI,2012,2,21
PALGHAR,2014,9,1
BHANDARA,2016,9,326
WARDHA,2016,9,985
DHULE,2016,9,984
PUNE,2016,9,1224
GONDIYA,2016,9,178
MUMBAI,2016,9,55
AMRAVATI,2016,4,1817
MUMBAI,2016,4,142
WARDHA,2016,4,552
RAIGARH,2016,4,106
0,2016,4,417
SINDHUDURG,2012,5,7
GADCHIROLI,2016,4,76
THANE,2016,4,211
BHANDARA,2012,5,25
THANE,2012,5,11
DHULE,2012,5,29
PALGHAR,2019,8,28
JALNA,2012,12,875
JALGAON,2012,12,1015
NAGPUR,2012,12,642
AHMADNAGAR,2012,12,2247
WASHIM,2012,12,811
AURANGABAD,2012,12,1426
SANGLI,2012,12,800
BULDANA,2012,12,1395
YEVATMAL,2012,12,1229
NASIK,2012,12,1994
PUNE,2012,12,971
THANE,2012,12,151
PARBHANI,2012,12,805
LATUR,2012,12,833
AMRAVATI,2012,12,1168
NANDED,2012,12,1294
OSMANABAD,2012,12,757
SOLAPUR,2012,12,1508
SINDHUDURG,2012,12,56
SATARA,2012,12,620
NANDURBAR,2012,12,112
BEED,2012,12,1058
HINGOLI,2012,12,841
KOLHAPUR,2012,12,527
AKOLA,2012,12,970
RATNAGIRI,2012,12,49
RAIGARH,2012,12,89
GADCHIROLI,2016,9,142
0,2016,9,358
DHULE,2012,6,158
YEVATMAL,2010,1,56
WASHIM,2010,1,69
SINDHUDURG,2019,8,29
0,2015,2,1
GADCHIROLI,2015,2,63
BHANDARA,2009,9,24
LATUR,2009,9,122
CHANDRAPUR,2009,9,22
NAGPUR,2009,9,49
WARDHA,2009,9,43
GONDIYA,2009,9,21
RAIGARH,2009,9,10
THANE,2009,9,8
SINDHUDURG,2009,9,2
THANE,2023,5,13
RATNAGIRI,2023,5,17
GADCHIROLI,2009,3,5
9999,2009,3,93
RAIGARH,2009,3,14
NANDED,2009,3,89
THANE,2009,3,33
WASHIM,2009,3,47
LATUR,2009,3,61
RATNAGIRI,2015,8,19
9999,2009,9,61
WARDHA,2012,12,494
BHANDARA,2012,12,318
DHULE,2012,12,480
CHANDRAPUR,2012,12,328
MUMBAI,2012,12,82
SINDHUDURG,2018,4,11
JALGAON,2016,10,2280
AHMADNAGAR,2016,10,4693
AURANGABAD,2016,10,3703
NANDED,2016,10,4906
SOLAPUR,2016,10,5755
MUMBAI,2016,10,50
NASIK,2016,10,4452
OSMANABAD,2016,10,2405
CHANDRAPUR,2016,10,918
HINGOLI,2016,10,2893
KOLHAPUR,2016,10,650
AKOLA,2016,10,2556
BULDANA,2016,10,4209
WASHIM,2016,10,2923
LATUR,2016,10,2254
PARBHANI,2016,10,3227
SANGLI,2016,10,1257
WARDHA,2016,10,992
AMRAVATI,2016,10,2244
JALNA,2016,10,3316
BEED,2016,10,3286
YEVATMAL,2016,10,3327
PUNE,2016,10,1683
NAGPUR,2016,10,1093
SATARA,2016,10,949
GADCHIROLI,2016,10,187
GADCHIROLI,2012,12,95
GONDIYA,2012,12,166
RATNAGIRI,2016,9,17
SINDHUDURG,2023,5,12
PARBHANI,2023,9,1258
BULDANA,2023,9,1620
NASIK,2023,9,894
AHMADNAGAR,2023,9,999
HINGOLI,2023,9,788
YEVATMAL,2023,9,1691
BEED,2023,9,1224
JALGAON,2023,9,730
PUNE,2023,9,298
SOLAPUR,2023,9,985
NANDED,2023,9,1554
JALNA,2023,9,1035
AKOLA,2023,9,803
NAGPUR,2023,9,396
AURANGABAD,2023,9,1117
AMRAVATI,2023,9,839
LATUR,2023,9,712
WASHIM,2023,9,1522
SATARA,2023,9,191
PUNE,2022,9,255
JALGAON,2022,9,717
BULDANA,2022,9,1053
YEVATMAL,2022,9,1329
JALNA,2022,9,825
NASIK,2022,9,697
AHMADNAGAR,2022,9,865
SOLAPUR,2022,9,809
WARDHA,2022,9,254
AKOLA,2022,9,537
NANDED,2022,9,1555
AURANGABAD,2022,9,961
HINGOLI,2022,9,733
GADCHIROLI,2022,9,39
WASHIM,2022,9,786
OSMANABAD,2022,9,382
CHANDRAPUR,2022,9,173
DHULE,2022,9,284
BEED,2022,9,864
GONDIYA,2022,9,88
NAGPUR,2022,9,365
LATUR,2022,9,484
DHULE,2023,9,323
SINDHUDURG,2023,11,6
NANDURBAR,2021,1,85
JALGAON,2012,11,582
SOLAPUR,2012,11,707
BEED,2012,11,604
SINDHUDURG,2012,11,22
HINGOLI,2012,11,479
BULDANA,2012,11,902
AMRAVATI,2012,11,573
JALNA,2012,11,566
SANGLI,2012,11,429
NASIK,2012,11,951
BHANDARA,2012,11,127
YEVATMAL,2012,11,700
OSMANABAD,2012,11,410
AKOLA,2012,11,478
CHANDRAPUR,2012,11,213
LATUR,2012,11,487
AURANGABAD,2012,11,822
WASHIM,2012,11,456
NANDED,2012,11,769
DHULE,2012,11,216
AHMADNAGAR,2012,11,1058
SATARA,2012,11,257
NAGPUR,2012,11,327
PUNE,2012,11,379
WASHIM,2018,9,1817
NASIK,2018,9,2313
JALGAON,2018,9,1972
PARBHANI,2018,9,2782
LATUR,2018,9,1366
AURANGABAD,2018,9,2834
WARDHA,2018,9,591
BULDANA,2018,9,4428
NANDED,2018,9,2875
HINGOLI,2018,9,1590
JALNA,2018,9,2710
PUNE,2018,9,723
BEED,2018,9,2187
AHMADNAGAR,2018,9,2494
CHANDRAPUR,2018,9,542
YEVATMAL,2018,9,2417
AMRAVATI,2018,9,1711
DHULE,2018,9,560
AKOLA,2018,9,1622
SANGLI,2018,9,481
BHANDARA,2018,9,201
SOLAPUR,2018,9,2538
NAGPUR,2018,9,716
THANE,2012,11,28
MUMBAI,2012,11,15
PARBHANI,2012,11,411
NANDURBAR,2012,11,39
GADCHIROLI,2012,11,54
RAIGARH,2012,11,18
WARDHA,2012,11,266
RATNAGIRI,2023,11,18
SATARA,2018,9,364
KOLHAPUR,2018,9,311
SOLAPUR,2014,4,3832
NANDED,2014,4,2554
NASIK,2014,4,3888
BULDANA,2014,4,2499
AHMADNAGAR,2014,4,4599
AKOLA,2014,4,1522
JALGAON,2014,4,1570
JALNA,2014,4,2091
OSMANABAD,2018,9,1337
MUMBAI,2018,9,20
THANE,2018,9,27
NANDURBAR,2018,9,134
GONDIYA,2018,9,126
GADCHIROLI,2018,9,137
YEVATMAL,2014,4,1470
AMRAVATI,2014,4,1289
KOLHAPUR,2014,4,1029
PUNE,2014,4,2203
RATNAGIRI,2014,4,84
LATUR,2014,4,1390
OSMANABAD,2014,4,1554
SANGLI,2014,4,1320
NAGPUR,2014,4,813
CHANDRAPUR,2014,4,482
AURANGABAD,2014,4,2190
SATARA,2014,4,1202
BEED,2014,4,2603
9999,2014,4,526
HINGOLI,2014,4,1547
BHANDARA,2014,4,475
PARBHANI,2014,4,2218
WASHIM,2014,4,1300
WARDHA,2014,4,365
DHULE,2014,4,846
GONDIYA,2014,4,272
0,2018,9,11
NANDURBAR,2014,4,161
RATNAGIRI,2018,9,14
SINDHUDURG,2018,9,23
THANE,2014,4,182
GADCHIROLI,2014,4,118
CHANDRAPUR,2023,9,260
OSMANABAD,2023,9,515
WARDHA,2023,9,295
KOLHAPUR,2023,9,224
AMRAVATI,2022,9,466
SANGLI,2022,9,187
SATARA,2022,9,189
PARBHANI,2022,9,1029
KOLHAPUR,2022,9,172
BHANDARA,2022,9,78
RATNAGIRI,2022,9,12
SINDHUDURG,2022,9,14
THANE,2022,9,15
PALGHAR,2022,9,5
NANDURBAR,2022,9,45
GONDIYA,2023,9,134
SINDHUDURG,2023,2,19
BHANDARA,2023,9,80
RATNAGIRI,2023,9,8
SANGLI,2023,9,309
MUMBAI,2022,9,5
THANE,2023,2,9
GADCHIROLI,2023,9,68
THANE,2024,4,19
NANDED,2024,4,731
MUMBAI,2023,2,12
GADCHIROLI,2024,4,29
HINGOLI,2024,4,308
CHANDRAPUR,2024,4,96
BHANDARA,2024,4,165
PALGHAR,2024,4,5
JALNA,2024,4,361
BEED,2024,4,406
YEVATMAL,2024,4,694
NAGPUR,2024,4,241
LATUR,2024,4,509
BULDANA,2024,4,697
AKOLA,2024,4,350
AHMADNAGAR,2024,4,620
SATARA,2024,4,171
SANGLI,2024,4,290
SOLAPUR,2024,4,527
PUNE,2024,4,341
OSMANABAD,2024,4,217
WARDHA,2024,4,125
AMRAVATI,2024,4,392
KOLHAPUR,2024,4,288
PARBHANI,2024,4,387
AURANGABAD,2024,4,426
GONDIYA,2024,4,95
MUMBAI,2024,4,10
NANDURBAR,2024,4,11
DHULE,2024,4,236
JALGAON,2024,4,302
RAIGARH,2024,4,15
WASHIM,2024,4,795
NASIK,2024,4,358
DHULE,2024,2,220
AHMADNAGAR,2024,2,759
OSMANABAD,2024,2,250
SOLAPUR,2024,2,519
LATUR,2024,2,383
BULDANA,2024,2,1069
AMRAVATI,2024,2,540
NAGPUR,2024,2,360
KOLHAPUR,2024,2,247
SANGLI,2024,2,219
PUNE,2024,2,260
SATARA,2024,2,159
BEED,2024,2,401
AURANGABAD,2024,2,578
NANDED,2024,2,917
BHANDARA,2024,1,77
CHANDRAPUR,2024,1,140
AMRAVATI,2024,1,370
WARDHA,2024,1,144
PARBHANI,2024,1,386
SANGLI,2024,1,194
NAGPUR,2024,1,227
NANDURBAR,2024,1,15
GADCHIROLI,2024,1,23
BULDANA,2024,1,720
AKOLA,2024,1,441
BHANDARA,2024,3,106
GADCHIROLI,2024,3,23
NAGPUR,2024,3,260
JALGAON,2024,3,258
JALGAON,2024,1,364
HINGOLI,2024,1,264
THANE,2024,1,18
DHULE,2024,1,186
THANE,2024,3,19
SOLAPUR,2024,3,491
PUNE,2024,3,217
AHMADNAGAR,2024,3,469
OSMANABAD,2024,3,259
JALNA,2024,2,471
PARBHANI,2024,2,398
AKOLA,2024,2,785
WARDHA,2024,2,307
BHANDARA,2024,2,144
YEVATMAL,2024,2,937
SOLAPUR,2024,1,454
THANE,2024,2,9
NASIK,2024,2,384
JALGAON,2024,2,334
SINDHUDURG,2024,2,10
RAIGARH,2024,2,11
RATNAGIRI,2024,2,10
WASHIM,2024,2,1247
PALGHAR,2024,2,7
HINGOLI,2024,2,347
CHANDRAPUR,2024,2,214
GADCHIROLI,2024,2,21
GONDIYA,2024,2,41
NANDURBAR,2024,2,15
MUMBAI,2024,2,5
KOLHAPUR,2012,11,180
PALGHAR,2018,4,9
RATNAGIRI,2012,11,14
KOLHAPUR,2023,4,253
BEED,2023,4,452
YEVATMAL,2023,4,700
BULDANA,2023,4,774
NANDED,2023,4,722
SATARA,2023,4,173
BHANDARA,2023,4,71
WASHIM,2023,4,583
PUNE,2023,4,330
AHMADNAGAR,2023,4,582
OSMANABAD,2023,4,264
NASIK,2023,4,636
NAGPUR,2023,4,235
SOLAPUR,2023,4,598
SANGLI,2023,4,238
JALGAON,2023,4,411
AURANGABAD,2023,4,448
LATUR,2023,4,393
JALNA,2023,4,468
HINGOLI,2023,4,298
WARDHA,2023,4,119
JALNA,2020,1,2311
DHULE,2020,1,593
LATUR,2020,1,1382
NASIK,2020,1,2693
BULDANA,2020,1,3286
AHMADNAGAR,2020,1,3381
WARDHA,2020,1,747
AMRAVATI,2020,1,1659
BEED,2020,1,2183
NANDED,2020,1,3504
SOLAPUR,2020,1,2866
YEVATMAL,2020,1,4265
WASHIM,2020,1,2201
AURANGABAD,2020,1,2469
PARBHANI,2020,1,1889
OSMANABAD,2020,1,1293
DHULE,2023,4,227
AKOLA,2023,4,372
AMRAVATI,2023,4,277
PARBHANI,2023,4,361
CHANDRAPUR,2023,4,119
GADCHIROLI,2023,4,35
GONDIYA,2023,4,62
RATNAGIRI,2023,4,14
NANDURBAR,2023,4,19
THANE,2023,4,20
AURANGABAD,2023,10,621
JALNA,2023,10,600
NANDURBAR,2023,10,26
NASIK,2023,10,587
DHULE,2023,10,187
AMRAVATI,2023,10,597
BULDANA,2023,10,976
SATARA,2023,10,213
WASHIM,2023,10,906
BEED,2023,10,639
YEVATMAL,2023,10,1138
LATUR,2023,10,519
NAGPUR,2023,10,294
AKOLA,2023,10,494
CHANDRAPUR,2023,10,224
OSMANABAD,2023,10,385
SOLAPUR,2023,10,782
NANDED,2023,10,1137
AHMADNAGAR,2023,10,819
JALGAON,2023,10,460
HINGOLI,2023,10,435
HINGOLI,2020,1,1568
SANGLI,2020,1,855
SATARA,2020,1,866
JALGAON,2020,1,1963
BHANDARA,2020,1,425
AKOLA,2020,1,1497
RATNAGIRI,2020,1,65
PUNE,2020,1,1647
SANGLI,2023,10,289
KOLHAPUR,2023,10,181
GADCHIROLI,2023,10,47
PARBHANI,2023,10,590
PUNE,2023,10,265
GONDIYA,2023,10,69
WARDHA,2023,10,230
SINDHUDURG,2020,1,61
NAGPUR,2020,1,944
GADCHIROLI,2020,1,149
CHANDRAPUR,2020,1,631
BHANDARA,2023,10,70
THANE,2023,10,28
RATNAGIRI,2023,10,15
KOLHAPUR,2020,1,582
NANDURBAR,2020,1,144
GONDIYA,2020,1,258
RAIGARH,2023,4,12
WASHIM,2019,9,2861
NASIK,2019,9,2975
AURANGABAD,2019,9,4360
SOLAPUR,2019,9,3674
PUNE,2019,9,1198
BULDANA,2019,9,4532
LATUR,2019,9,1961
SANGLI,2019,9,830
AKOLA,2019,9,2133
YEVATMAL,2019,9,3886
NANDED,2019,9,5309
DHULE,2019,9,685
PARBHANI,2019,9,4320
JALNA,2019,9,4122
AMRAVATI,2019,9,2160
OSMANABAD,2019,9,1717
BEED,2019,9,3359
KOLHAPUR,2019,9,417
HINGOLI,2019,9,2527
WARDHA,2019,9,816
AHMADNAGAR,2019,9,3502
BHANDARA,2019,9,268
NAGPUR,2019,9,1285
JALGAON,2019,9,2246
CHANDRAPUR,2019,9,811
PALGHAR,2023,4,17
SINDHUDURG,2023,4,13
THANE,2020,1,90
WARDHA,2013,11,505
OSMANABAD,2013,11,1752
SANGLI,2013,11,964
AHMADNAGAR,2013,11,3461
DHULE,2013,11,457
NANDED,2013,11,2219
NAGPUR,2013,11,591
BEED,2013,11,1586
NASIK,2013,11,2564
BULDANA,2013,11,1853
AURANGABAD,2013,11,1672
LATUR,2013,11,1260
AKOLA,2013,11,1133
SOLAPUR,2013,11,2809
JALNA,2013,11,1781
YEVATMAL,2013,11,1176
PARBHANI,2013,11,1303
WASHIM,2013,11,1147
AMRAVATI,2013,11,1137
PUNE,2013,11,1304
JALGAON,2013,11,1284
SATARA,2013,11,721
CHANDRAPUR,2013,11,395
GADCHIROLI,2013,11,36
HINGOLI,2013,11,1142
NANDURBAR,2013,11,107
THANE,2013,11,98
AHMADNAGAR,2009,8,1302
WARDHA,2009,8,108
LATUR,2009,8,138
SOLAPUR,2009,8,432
AURANGABAD,2009,8,982
WASHIM,2009,8,270
JALNA,2009,8,634
DHULE,2009,8,113
NANDED,2009,8,950
YEVATMAL,2009,8,537
PARBHANI,2009,8,640
BULDANA,2009,8,596
BEED,2009,8,385
NASIK,2009,8,522
SATARA,2009,8,398
PUNE,2009,8,235
OSMANABAD,2009,8,392
JALGAON,2009,8,442
HINGOLI,2009,8,225
KOLHAPUR,2013,11,454
BHANDARA,2013,11,251
PALGHAR,2020,1,47
GONDIYA,2019,9,201
SATARA,2019,9,602
PALGHAR,2019,9,25
GADCHIROLI,2019,9,132
NANDURBAR,2019,9,137
MUMBAI,2019,9,45
NANDURBAR,2023,9,60
RATNAGIRI,2024,1,11
SINDHUDURG,2024,1,9
SATARA,2024,1,133
RAIGARH,2024,1,6
SATARA,2024,3,128
SANGLI,2024,3,179
KOLHAPUR,2024,3,203
KOLHAPUR,2024,1,171
LATUR,2024,3,444
CHANDRAPUR,2024,3,116
PALGHAR,2023,2,5
PUNE,2014,2,1842
WASHIM,2014,2,959
LATUR,2014,2,1173
AMRAVATI,2014,2,1323
YEVATMAL,2014,2,1322
OSMANABAD,2014,2,1512
HINGOLI,2014,2,1190
SANGLI,2014,2,1148
AKOLA,2014,2,1232
AURANGABAD,2014,2,1951
SOLAPUR,2014,2,3362
JALNA,2014,2,1940
PARBHANI,2014,2,1761
SATARA,2014,2,947
WARDHA,2014,2,397
BHANDARA,2014,2,366
GADCHIROLI,2014,2,111
NAGPUR,2014,2,795
AHMADNAGAR,2014,2,4083
JALGAON,2014,2,1705
MUMBAI,2024,1,8
BEED,2024,3,395
NANDED,2024,3,634
AKOLA,2024,3,421
JALNA,2024,3,456
BEED,2014,2,2071
BULDANA,2014,2,2167
NASIK,2014,2,3098
RATNAGIRI,2014,2,92
NANDURBAR,2014,2,159
NANDED,2014,2,2116
THANE,2014,2,202
DHULE,2014,2,781
CHANDRAPUR,2014,2,396
GONDIYA,2014,2,185
RAIGARH,2014,2,86
SINDHUDURG,2014,2,74
KOLHAPUR,2014,2,846
9999,2014,2,281
JALNA,2013,5,2186
NASIK,2013,5,3581
DHULE,2013,5,688
NANDED,2013,5,2043
BULDANA,2013,5,2108
JALGAON,2013,5,1670
BEED,2013,5,1843
AKOLA,2013,5,1502
OSMANABAD,2013,5,1331
AMRAVATI,2013,5,1387
PARBHANI,2013,5,1654
SATARA,2013,5,1171
HINGOLI,2013,5,1114
PUNE,2013,5,2022
YEVATMAL,2013,5,1590
AURANGABAD,2013,5,2517
LATUR,2013,5,1167
WASHIM,2013,5,1051
AHMADNAGAR,2013,5,4784
WARDHA,2013,5,542
SOLAPUR,2013,5,2416
KOLHAPUR,2013,5,1189
SANGLI,2013,5,1402
NAGPUR,2013,5,875
CHANDRAPUR,2013,5,318
GONDIYA,2013,5,249
Mumbai Suburban,2014,2,15
MUMBAI,2014,2,42
YEVATMAL,2024,1,777
AURANGABAD,2024,1,480
GONDIYA,2024,1,31
NASIK,2024,1,383
PUNE,2024,1,209
AHMADNAGAR,2024,1,664
NANDED,2024,1,633
OSMANABAD,2024,1,255
LATUR,2024,1,298
JALNA,2024,1,403
BEED,2024,1,356
WASHIM,2024,1,667
AURANGABAD,2024,3,410
NASIK,2024,3,274
PARBHANI,2024,3,388
AMRAVATI,2024,3,340
DHULE,2024,3,162
RAIGARH,2024,3,6
RATNAGIRI,2024,3,9
SINDHUDURG,2024,3,7
YEVATMAL,2024,3,663
WARDHA,2024,3,155
GONDIYA,2024,3,50
WASHIM,2024,3,680
HINGOLI,2024,3,263
BULDANA,2024,3,639
NANDURBAR,2024,3,19
PALGHAR,2024,3,14
MUMBAI,2024,3,3
THANE,2023,9,8
NANDED,2021,6,59
AHMADNAGAR,2021,6,25
JALGAON,2021,6,40
HINGOLI,2021,6,19
BULDANA,2021,6,69
KOLHAPUR,2021,6,15
PARBHANI,2021,6,30
RAIGARH,2021,6,2
BEED,2021,6,23
NASIK,2021,6,31
AMRAVATI,2021,6,27
OSMANABAD,2021,6,23
DHULE,2021,6,13
AURANGABAD,2021,6,44
SOLAPUR,2021,6,34
JALNA,2021,6,35
BHANDARA,2021,6,3
CHANDRAPUR,2021,6,14
YEVATMAL,2021,6,44
GONDIYA,2021,6,6
WARDHA,2014,10,683
YEVATMAL,2014,10,1983
BULDANA,2014,10,2414
HINGOLI,2014,10,1469
SOLAPUR,2014,10,2992
PARBHANI,2014,10,1633
JALGAON,2014,10,1419
AMRAVATI,2014,10,1442
LATUR,2014,10,1107
NANDED,2014,10,2295
AHMADNAGAR,2014,10,3253
NASIK,2014,10,2890
JALNA,2014,10,1766
KOLHAPUR,2014,10,447
AKOLA,2014,10,1663
SATARA,2014,10,774
AURANGABAD,2014,10,2295
BHANDARA,2014,10,277
SANGLI,2014,10,947
KOLHAPUR,2019,2,377
WASHIM,2019,2,1284
SOLAPUR,2019,2,1276
BEED,2019,2,844
AKOLA,2019,2,799
BULDANA,2019,2,1337
NASIK,2019,2,768
CHANDRAPUR,2019,2,266
PUNE,2019,2,510
AHMADNAGAR,2019,2,1122
YEVATMAL,2019,2,1116
PARBHANI,2019,2,817
AURANGABAD,2019,2,826
NANDED,2019,2,1325
AMRAVATI,2019,2,658
OSMANABAD,2019,2,507
JALGAON,2019,2,547
JALNA,2019,2,766
GADCHIROLI,2019,2,41
NAGPUR,2019,2,357
DHULE,2019,2,239
SATARA,2019,2,357
GONDIYA,2019,2,95
HINGOLI,2019,2,622
NANDURBAR,2019,2,44
LATUR,2019,2,520
PALGHAR,2019,2,26
WARDHA,2019,2,276
CHANDRAPUR,2014,10,488
BEED,2014,10,2172
WASHIM,2014,10,1291
OSMANABAD,2014,10,1433
THANE,2014,10,80
PUNE,2014,10,1125
NAGPUR,2014,10,855
BHANDARA,2019,2,175
PALGHAR,2015,5,3
PALGHAR,2017,1,8
Mumbai Suburban,2017,1,4
PALGHAR,2015,2,5
SANGLI,2019,2,305
0,2019,2,13
AKOLA,2021,6,22
LATUR,2021,6,18
WASHIM,2021,6,31
SANGLI,2021,6,18
PUNE,2021,6,16
RATNAGIRI,2021,6,2
NANDURBAR,2021,6,2
SATARA,2021,6,10
SINDHUDURG,2019,2,18
0,2019,8,13
9999,2019,8,2
WARDHA,2021,6,12
NANDURBAR,2022,4,24
DHULE,2014,10,483
MUMBAI,2019,2,42
RAIGARH,2019,2,38
THANE,2019,2,66
JALGAON,2022,2,439
NAGPUR,2022,2,344
BHANDARA,2022,2,130
BULDANA,2022,2,719
PARBHANI,2022,2,475
AURANGABAD,2022,2,624
NANDED,2022,2,906
LATUR,2022,2,423
SANGLI,2022,2,213
DHULE,2022,2,273
WASHIM,2022,2,599
SOLAPUR,2022,2,804
NASIK,2022,2,601
AMRAVATI,2022,2,625
BEED,2022,2,736
SINDHUDURG,2023,10,13
JALNA,2022,2,573
WARDHA,2022,2,221
SOLAPUR,2015,4,5595
NASIK,2015,4,5153
JALNA,2015,4,2717
YEVATMAL,2015,4,1928
BEED,2015,4,3081
KOLHAPUR,2015,4,1321
JALGAON,2015,4,2832
WASHIM,2015,4,2013
AURANGABAD,2015,4,3188
AHMADNAGAR,2015,4,5697
SANGLI,2015,4,1870
HINGOLI,2015,4,2567
AMRAVATI,2015,4,1829
AKOLA,2015,4,2394
OSMANABAD,2015,4,2153
BULDANA,2015,4,4723
NANDED,2015,4,3244
BHANDARA,2015,4,610
SATARA,2015,4,1553
NAGPUR,2015,4,980
DHULE,2015,4,1275
PARBHANI,2015,4,2709
WARDHA,2015,4,602
GONDIYA,2015,4,239
PUNE,2015,4,2418
HINGOLI,2022,2,301
YEVATMAL,2022,2,922
CHANDRAPUR,2022,2,221
GONDIYA,2022,2,90
AKOLA,2022,2,513
AHMADNAGAR,2022,2,1027
OSMANABAD,2022,2,338
KOLHAPUR,2022,2,269
PUNE,2022,2,392
GADCHIROLI,2022,2,39
SATARA,2022,2,293
NANDURBAR,2022,2,50
RAIGARH,2020,1,62
RATNAGIRI,2022,2,36
THANE,2022,2,25
RAIGARH,2022,2,46
MUMBAI,2022,2,29
PALGHAR,2022,2,8
MUMBAI,2020,1,52
SINDHUDURG,2022,2,26
YEVATMAL,2013,8,1575
NASIK,2013,8,2279
WASHIM,2013,8,1033
SOLAPUR,2013,8,1500
JALNA,2013,8,2610
AKOLA,2013,8,1270
AURANGABAD,2013,8,2976
HINGOLI,2013,8,1387
BULDANA,2013,8,2345
PARBHANI,2013,8,1608
AHMADNAGAR,2013,8,3213
NAGPUR,2013,8,585
WARDHA,2013,8,536
KOLHAPUR,2013,8,345
PUNE,2013,8,744
NANDED,2013,8,2107
JALGAON,2013,8,1544
BEED,2013,8,2385
AMRAVATI,2013,8,1162
AHMADNAGAR,2017,7,4302
LATUR,2017,7,2285
BEED,2017,7,4124
SOLAPUR,2017,7,3622
AKOLA,2017,7,3246
BULDANA,2017,7,5708
NASIK,2017,7,3072
PARBHANI,2017,7,4840
OSMANABAD,2017,7,2135
NANDURBAR,2017,7,112
WASHIM,2017,7,3929
HINGOLI,2017,7,2933
AURANGABAD,2017,7,4108
YEVATMAL,2017,7,3407
NANDED,2017,7,5654
AMRAVATI,2017,7,2858
JALGAON,2017,7,2884
SANGLI,2017,7,865
PUNE,2017,7,1097
NAGPUR,2017,7,1043
CHANDRAPUR,2017,7,721
BHANDARA,2017,7,347
JALNA,2017,7,4240
WARDHA,2017,7,814
DHULE,2017,7,803
SATARA,2017,7,546
RATNAGIRI,2017,7,39
NANDED,2024,5,709
BEED,2024,5,423
OSMANABAD,2024,5,206
DHULE,2024,5,270
PARBHANI,2024,5,344
AHMADNAGAR,2024,5,650
NASIK,2024,5,407
SINDHUDURG,2019,9,15
OSMANABAD,2013,8,1412
LATUR,2013,8,1252
SATARA,2013,8,489
GADCHIROLI,2013,8,51
SANGLI,2013,8,521
0,2017,7,302
GONDIYA,2017,7,144
SINDHUDURG,2017,7,25
KOLHAPUR,2017,7,564
JALNA,2018,2,1399
WASHIM,2018,2,1101
AURANGABAD,2018,2,1452
BEED,2018,2,1341
AKOLA,2018,2,1007
PUNE,2018,2,745
NASIK,2018,2,1761
YEVATMAL,2018,2,1248
AHMADNAGAR,2018,2,2096
BHANDARA,2018,2,141
HINGOLI,2018,2,1035
PARBHANI,2018,2,1347
BULDANA,2018,2,1972
SATARA,2018,2,365
OSMANABAD,2018,2,851
GADCHIROLI,2018,2,53
WARDHA,2018,2,274
CHANDRAPUR,2018,2,210
AMRAVATI,2018,2,945
GONDIYA,2013,8,87
CHANDRAPUR,2013,8,286
GADCHIROLI,2017,7,128
DHULE,2013,8,405
BHANDARA,2013,8,225
THANE,2013,8,37
THANE,2019,9,48
JALGAON,2018,2,800
SANGLI,2018,2,400
SOLAPUR,2018,2,1970
KOLHAPUR,2018,2,346
NANDED,2018,2,1797
DHULE,2018,2,408
LATUR,2018,2,958
NAGPUR,2018,2,351
MUMBAI,2013,11,31
Mumbai Suburban,2020,1,2
RATNAGIRI,2013,11,33
Mumbai Suburban,2013,11,7
GONDIYA,2013,11,116
SINDHUDURG,2013,11,24
SOLAPUR,2018,10,2655
AKOLA,2018,10,1225
NASIK,2018,10,2057
NANDED,2018,10,2609
SANGLI,2018,10,554
PUNE,2018,10,829
PARBHANI,2018,10,1659
WARDHA,2018,10,492
JALNA,2018,10,1574
BHANDARA,2018,10,229
THANE,2018,10,72
LATUR,2018,10,1237
NAGPUR,2018,10,682
OSMANABAD,2018,10,1197
YEVATMAL,2018,10,1903
BULDANA,2018,10,2696
WASHIM,2018,10,1585
JALGAON,2018,10,1111
AHMADNAGAR,2018,10,2077
CHANDRAPUR,2018,10,586
AMRAVATI,2018,10,1215
HINGOLI,2018,10,1478
KOLHAPUR,2018,10,317
SATARA,2018,10,480
BEED,2018,10,1385
GONDIYA,2018,10,148
AURANGABAD,2018,10,1780
RATNAGIRI,2018,10,37
DHULE,2018,10,392
DHULE,2009,3,38
NANDURBAR,2009,3,15
RAIGARH,2018,10,27
GADCHIROLI,2018,10,120
NANDURBAR,2018,10,87
SATARA,2010,12,66
BULDANA,2010,12,198
AURANGABAD,2010,12,161
AMRAVATI,2010,12,94
AHMADNAGAR,2010,12,164
SANGLI,2010,12,35
PARBHANI,2010,6,231
WASHIM,2010,6,179
SANGLI,2010,6,39
AHMADNAGAR,2010,6,372
BEED,2010,6,159
AURANGABAD,2010,6,318
JALGAON,2010,6,243
SINDHUDURG,2010,6,6
BULDANA,2010,6,346
PUNE,2010,6,90
SOLAPUR,2010,6,118
YEVATMAL,2010,6,156
OSMANABAD,2010,6,149
NASIK,2010,6,227
NAGPUR,2010,6,81
NANDED,2010,6,341
DHULE,2010,6,54
JALNA,2010,6,164
SATARA,2010,6,54
AMRAVATI,2010,6,129
NASIK,2010,12,242
WASHIM,2010,12,77
BEED,2010,12,106
YEVATMAL,2010,12,103
PUNE,2010,12,72
JALGAON,2010,12,108
HINGOLI,2010,6,98
KOLHAPUR,2010,6,39
NANDED,2010,12,88
LATUR,2010,12,60
HINGOLI,2010,12,56
LATUR,2010,6,78
AKOLA,2010,12,64
SOLAPUR,2010,12,68
OSMANABAD,2010,12,63
NAGPUR,2010,12,54
THANE,2010,12,1
PALGHAR,2018,10,9
HINGOLI,2016,7,2375
0,2016,7,452
JALGAON,2016,7,2297
PARBHANI,2016,7,3186
AHMADNAGAR,2016,7,4658
AURANGABAD,2016,7,4559
NAGPUR,2016,7,850
BEED,2016,7,3966
NASIK,2016,7,3787
SOLAPUR,2016,7,4615
YEVATMAL,2016,7,2674
AMRAVATI,2016,7,1848
OSMANABAD,2016,7,2367
BULDANA,2016,7,4442
WARDHA,2016,7,690
NANDED,2016,7,4003
SATARA,2016,7,888
LATUR,2016,7,2289
GADCHIROLI,2016,7,133
DHULE,2016,7,899
JALNA,2016,7,3656
PUNE,2016,7,1521
WASHIM,2016,7,2184
AKOLA,2016,7,2298
SANGLI,2016,7,1065
SINDHUDURG,2018,10,27
CHANDRAPUR,2016,7,579
KOLHAPUR,2016,7,654
BHANDARA,2016,7,296
GONDIYA,2016,7,180
NANDURBAR,2016,7,158
MUMBAI,2016,7,42
RATNAGIRI,2016,7,33
THANE,2016,7,62
SINDHUDURG,2016,7,17
PARBHANI,2009,3,128
GONDIYA,2009,3,29
MUMBAI,2010,6,7
RATNAGIRI,2010,6,13
CHANDRAPUR,2010,6,32
AKOLA,2010,6,53
9999,2010,6,5
NANDURBAR,2010,6,22
RAIGARH,2010,6,5
0,2018,10,13
WARDHA,2010,12,57
JALNA,2010,12,97
BHANDARA,2010,12,15
CHANDRAPUR,2010,12,17
PARBHANI,2010,12,63
MUMBAI,2018,10,16
RAIGARH,2016,7,38
YEVATMAL,2012,8,431
CHANDRAPUR,2012,8,56
SOLAPUR,2012,8,272
AMRAVATI,2012,8,309
LATUR,2012,8,186
JALNA,2012,8,715
JALGAON,2012,8,583
KOLHAPUR,2012,8,85
AHMADNAGAR,2012,8,479
BULDANA,2012,8,828
WASHIM,2012,8,365
PARBHANI,2012,8,451
BEED,2012,8,399
AURANGABAD,2012,8,720
NANDED,2012,8,531
OSMANABAD,2012,8,161
NASIK,2012,8,559
HINGOLI,2012,8,377
NAGPUR,2012,8,149
SANGLI,2012,8,62
SATARA,2012,8,69
AKOLA,2012,8,386
MUMBAI,2014,10,25
NANDURBAR,2014,10,100
SINDHUDURG,2014,10,37
Mumbai Suburban,2014,10,6
GONDIYA,2014,10,99
MUMBAI,2014,4,93
RAIGARH,2014,4,94
RAIGARH,2018,4,23
WARDHA,2012,8,165
PUNE,2012,8,102
RAIGARH,2014,9,23
GADCHIROLI,2014,10,73
RATNAGIRI,2014,10,33
PALGHAR,2014,10,4
BHANDARA,2012,8,40
NANDURBAR,2012,8,20
DHULE,2012,8,78
NANDURBAR,2010,12,3
DHULE,2010,12,23
GONDIYA,2012,11,40
Mumbai Suburban,2014,9,2
WARDHA,2010,6,36
GONDIYA,2010,12,9
GONDIYA,2010,6,11
HINGOLI,2009,3,18
CHANDRAPUR,2009,3,9
WASHIM,2019,7,4806
JALGAON,2019,7,2501
PARBHANI,2019,7,5549
NASIK,2019,7,3446
NANDED,2019,7,7649
YEVATMAL,2019,7,5760
OSMANABAD,2019,7,1794
AKOLA,2019,7,3253
PUNE,2019,7,1068
AHMADNAGAR,2019,7,3207
AURANGABAD,2019,7,4629
SANGLI,2019,7,947
AMRAVATI,2019,7,3328
JALNA,2019,7,3076
CHANDRAPUR,2019,7,1067
HINGOLI,2019,7,3085
DHULE,2019,7,787
SOLAPUR,2019,7,2804
BEED,2019,7,2846
BULDANA,2019,7,5152
LATUR,2019,7,2546
WARDHA,2020,2,433
PUNE,2020,2,1214
GONDIYA,2020,2,183
NAGPUR,2020,2,652
NASIK,2020,2,1690
AURANGABAD,2020,2,1790
OSMANABAD,2020,2,920
AKOLA,2020,2,1234
PARBHANI,2020,2,1463
AHMADNAGAR,2020,2,2593
BEED,2020,2,1533
LATUR,2020,2,1017
NANDED,2020,2,2250
AMRAVATI,2020,2,1107
SOLAPUR,2020,2,2076
JALNA,2020,2,1668
SANGLI,2020,2,694
CHANDRAPUR,2020,2,432
YEVATMAL,2020,2,2999
GADCHIROLI,2020,2,82
BULDANA,2020,2,2240
JALGAON,2020,2,1180
HINGOLI,2020,2,1072
WASHIM,2020,2,1575
BHANDARA,2020,2,272
DHULE,2020,2,448
NAGPUR,2021,9,607
PARBHANI,2021,9,1197
AHMADNAGAR,2021,9,1453
PUNE,2021,9,457
AURANGABAD,2021,9,1310
WASHIM,2021,9,1262
BULDANA,2021,9,1577
HINGOLI,2021,9,1066
AKOLA,2021,9,975
LATUR,2021,9,836
YEVATMAL,2021,9,1739
JALNA,2021,9,1259
NANDED,2021,9,2207
GONDIYA,2021,9,127
SOLAPUR,2021,9,1596
AMRAVATI,2021,9,1197
JALGAON,2021,9,1069
SANGLI,2021,9,340
BEED,2021,9,1078
SATARA,2021,9,368
DHULE,2021,9,343
NASIK,2021,9,1384
NANDURBAR,2021,9,102
CHANDRAPUR,2021,9,320
RATNAGIRI,2021,9,20
OSMANABAD,2021,9,1046
WARDHA,2021,9,403
KOLHAPUR,2021,9,223
AMRAVATI,2021,3,1196
AKOLA,2021,3,857
GONDIYA,2021,3,142
DHULE,2021,3,365
OSMANABAD,2021,3,622
WASHIM,2021,3,1142
LATUR,2021,3,807
BULDANA,2021,3,1612
BEED,2021,3,985
NASIK,2021,3,1065
PARBHANI,2021,3,1022
NANDED,2021,3,1384
AURANGABAD,2021,3,1218
JALNA,2021,3,1012
JALGAON,2021,3,754
YEVATMAL,2021,3,1396
NAGPUR,2021,3,503
CHANDRAPUR,2021,3,267
SANGLI,2021,3,489
AHMADNAGAR,2021,3,1529
PARBHANI,2013,12,1456
PUNE,2013,12,1363
SANGLI,2013,12,949
YEVATMAL,2013,12,1268
AHMADNAGAR,2013,12,4075
NANDURBAR,2013,12,106
NASIK,2013,12,2997
OSMANABAD,2013,12,1609
AURANGABAD,2013,12,1822
BULDANA,2013,12,1784
CHANDRAPUR,2013,12,343
BHANDARA,2021,9,140
JALNA,2017,9,3401
SOLAPUR,2017,9,3458
NANDED,2017,9,4575
AMRAVATI,2017,9,2256
YEVATMAL,2017,9,3290
AHMADNAGAR,2017,9,3802
JALGAON,2017,9,2627
BHANDARA,2017,9,264
RAIGARH,2017,9,22
BEED,2017,9,3004
BULDANA,2017,9,5165
PARBHANI,2017,9,3100
NAGPUR,2017,9,867
NASIK,2017,9,3470
AKOLA,2017,9,2631
OSMANABAD,2017,9,1595
WASHIM,2017,9,3351
AURANGABAD,2017,9,3627
WARDHA,2017,9,960
LATUR,2017,9,1647
SANGLI,2017,9,705
PUNE,2017,9,1091
HINGOLI,2017,9,2496
NANDED,2013,12,2116
WASHIM,2013,12,953
JALGAON,2013,12,1613
JALNA,2013,12,1853
HINGOLI,2013,12,1088
AKOLA,2013,12,1171
SOLAPUR,2013,12,2894
LATUR,2013,12,1263
SATARA,2013,12,776
AMRAVATI,2013,12,1183
BEED,2013,12,1751
KOLHAPUR,2013,12,445
BHANDARA,2013,12,252
DHULE,2013,12,441
NAGPUR,2013,12,564
GONDIYA,2013,12,118
DHULE,2017,9,797
KOLHAPUR,2017,9,447
SANGLI,2021,8,77
SOLAPUR,2021,8,371
JALGAON,2021,8,269
AHMADNAGAR,2021,8,284
WARDHA,2021,8,72
BULDANA,2021,8,530
AURANGABAD,2021,8,297
HINGOLI,2021,8,163
NANDED,2021,8,451
YEVATMAL,2021,8,337
BEED,2021,8,284
WASHIM,2021,8,339
AKOLA,2021,8,272
JALNA,2021,8,327
NASIK,2021,8,346
AMRAVATI,2021,8,294
PARBHANI,2021,8,352
NAGPUR,2021,8,126
SATARA,2021,8,90
KOLHAPUR,2021,8,47
LATUR,2021,8,153
OSMANABAD,2021,8,158
BULDANA,2020,3,2392
GONDIYA,2020,3,187
KOLHAPUR,2020,3,405
WASHIM,2020,3,1226
NASIK,2020,3,1153
NANDED,2020,3,2182
BEED,2020,3,1113
LATUR,2020,3,937
AKOLA,2020,3,1190
PUNE,2020,3,747
NAGPUR,2020,3,577
YEVATMAL,2020,3,2373
SATARA,2020,3,441
AMRAVATI,2020,3,1090
JALGAON,2020,3,857
SOLAPUR,2020,3,1769
WARDHA,2020,3,392
BHANDARA,2020,3,261
AHMADNAGAR,2020,3,1539
OSMANABAD,2020,3,834
CHANDRAPUR,2020,3,402
JALNA,2020,3,1369
DHULE,2020,3,349
AURANGABAD,2020,3,1278
SANGLI,2020,3,516
PARBHANI,2020,3,1133
HINGOLI,2020,3,964
GADCHIROLI,2020,3,41
CHANDRAPUR,2021,8,70
AHMADNAGAR,2015,12,5923
NANDED,2015,12,2709
SANGLI,2015,12,1543
JALGAON,2015,12,2287
PUNE,2015,12,2509
JALNA,2015,12,2932
BULDANA,2015,12,3502
WARDHA,2015,12,790
OSMANABAD,2015,12,2244
PARBHANI,2015,12,2412
AURANGABAD,2015,12,3442
KOLHAPUR,2015,12,801
AKOLA,2015,12,2479
DHULE,2015,12,1387
NASIK,2015,12,4435
SATARA,2015,12,1301
SOLAPUR,2015,12,5968
HINGOLI,2015,12,1847
WASHIM,2015,12,2211
DHULE,2021,8,57
PUNE,2021,8,71
NANDURBAR,2020,3,60
AMRAVATI,2020,8,200
GONDIYA,2020,8,33
AHMADNAGAR,2020,8,278
SATARA,2020,8,94
NASIK,2020,8,209
NANDED,2020,8,312
WARDHA,2020,8,86
BULDANA,2020,8,314
AURANGABAD,2020,8,298
SOLAPUR,2020,8,291
YEVATMAL,2020,8,408
CHANDRAPUR,2020,8,75
LATUR,2020,8,162
HINGOLI,2020,8,160
WASHIM,2020,8,181
JALNA,2020,8,293
PARBHANI,2020,8,278
BEED,2020,8,243
AKOLA,2020,8,153
DHULE,2020,8,66
JALGAON,2020,8,218
THANE,2020,8,14
NAGPUR,2020,8,110
KOLHAPUR,2020,8,47
PUNE,2020,8,139
OSMANABAD,2020,8,124
SANGLI,2020,8,62
GONDIYA,2021,8,28
GADCHIROLI,2021,8,15
RAIGARH,2021,8,9
PALGHAR,2021,8,3
HINGOLI,2017,11,1606
PARBHANI,2017,11,2209
KOLHAPUR,2017,11,514
JALNA,2017,11,2371
WARDHA,2017,11,535
AHMADNAGAR,2017,11,3412
AKOLA,2017,11,1773
AURANGABAD,2017,11,2546
BEED,2017,11,2326
LATUR,2017,11,1488
NASIK,2017,11,2692
DHULE,2017,11,611
NANDED,2017,11,2959
OSMANABAD,2017,11,1418
0,2017,11,196
WASHIM,2017,11,1874
SOLAPUR,2017,11,3409
AMRAVATI,2017,11,1593
BULDANA,2017,11,2806
SATARA,2017,11,664
BHANDARA,2017,11,206
YEVATMAL,2017,11,2143
JALGAON,2017,11,1470
PUNE,2017,11,1180
CHANDRAPUR,2017,11,472
NAGPUR,2017,11,563
SANGLI,2017,11,1092
SINDHUDURG,2017,11,19
GONDIYA,2017,11,174
NASIK,2014,12,4306
SOLAPUR,2014,12,5185
YEVATMAL,2014,12,1722
KOLHAPUR,2014,12,913
BEED,2014,12,2350
AHMADNAGAR,2014,12,4872
JALGAON,2014,12,2229
AKOLA,2014,12,1430
AMRAVATI,2014,12,1744
NANDED,2014,12,2228
OSMANABAD,2014,12,1869
AURANGABAD,2014,12,2569
BULDANA,2014,12,2880
SANGLI,2014,12,1777
PUNE,2014,12,2246
WASHIM,2014,12,1384
JALNA,2014,12,2016
PARBHANI,2014,12,1550
NAGPUR,2014,12,671
DHULE,2014,12,914
WASHIM,2016,11,2229
AHMADNAGAR,2016,11,4695
PUNE,2016,11,1701
YEVATMAL,2016,11,2187
PARBHANI,2016,11,2515
OSMANABAD,2016,11,2166
JALNA,2016,11,3016
JALGAON,2016,11,2010
AURANGABAD,2016,11,3073
SOLAPUR,2016,11,5130
BULDANA,2016,11,3261
NASIK,2016,11,3494
DHULE,2016,11,783
NANDED,2016,11,3508
WARDHA,2016,11,663
AMRAVATI,2016,11,1896
KOLHAPUR,2016,11,672
SATARA,2016,11,966
LATUR,2016,11,1840
NASIK,2010,9,216
YEVATMAL,2010,9,197
RATNAGIRI,2010,9,6
BEED,2010,9,265
KOLHAPUR,2010,9,29
AHMADNAGAR,2010,9,251
THANE,2010,9,5
AURANGABAD,2010,9,250
BULDANA,2010,9,239
BHANDARA,2014,12,261
LATUR,2014,12,1309
GADCHIROLI,2014,12,83
SATARA,2014,12,1295
HINGOLI,2014,12,1422
CHANDRAPUR,2014,12,414
PUNE,2010,9,71
NANDED,2010,9,231
JALGAON,2010,9,155
NAGPUR,2010,9,39
LATUR,2010,9,87
THANE,2014,12,183
RAIGARH,2014,12,85
CHANDRAPUR,2016,11,673
BEED,2016,11,3105
THANE,2016,11,100
AKOLA,2016,11,2245
HINGOLI,2016,11,2002
JALNA,2010,9,178
SATARA,2010,9,57
PARBHANI,2010,9,179
CHANDRAPUR,2010,9,39
WARDHA,2010,9,63
AMRAVATI,2010,9,105
HINGOLI,2010,9,94
SOLAPUR,2010,9,134
DHULE,2010,9,41
BHANDARA,2020,8,34
NANDURBAR,2020,8,15
RAIGARH,2020,8,5
SINDHUDURG,2020,8,5
SINDHUDURG,2021,8,4
SATARA,2010,1,45
WARDHA,2010,1,18
AKOLA,2010,1,50
SOLAPUR,2010,1,93
AMRAVATI,2010,1,65
WARDHA,2014,12,483
NANDURBAR,2014,12,167
RAIGARH,2016,11,37
NAGPUR,2016,11,775
BHANDARA,2016,11,225
SANGLI,2016,11,1260
0,2016,11,275
RATNAGIRI,2014,12,55
GONDIYA,2014,12,134
JALGAON,2014,6,1611
AURANGABAD,2014,6,1830
NASIK,2014,6,2329
KOLHAPUR,2014,6,504
PUNE,2014,6,951
YEVATMAL,2014,6,1971
GONDIYA,2015,12,242
BEED,2015,12,3546
LATUR,2015,12,1719
YEVATMAL,2015,12,2191
AMRAVATI,2015,12,2010
NAGPUR,2015,12,954
RAIGARH,2015,12,102
BHANDARA,2015,12,448
BHANDARA,2021,8,22
CHANDRAPUR,2015,12,597
0,2015,12,280
RATNAGIRI,2017,11,43
RAIGARH,2017,11,47
NANDURBAR,2021,8,16
MUMBAI,2015,12,45
THANE,2017,11,60
THANE,2015,12,237
GADCHIROLI,2015,12,113
NANDURBAR,2015,12,177
SINDHUDURG,2014,12,54
BULDANA,2014,6,2130
SATARA,2014,6,539
OSMANABAD,2014,6,998
AKOLA,2014,6,961
PARBHANI,2014,6,1446
LATUR,2014,6,890
NANDED,2014,6,2264
JALNA,2014,6,1689
SOLAPUR,2014,6,1962
WASHIM,2014,6,1107
HINGOLI,2014,6,1075
RATNAGIRI,2014,6,33
GONDIYA,2014,6,100
AMRAVATI,2014,6,862
AHMADNAGAR,2014,6,2131
DHULE,2014,6,392
SANGLI,2014,6,773
BHANDARA,2014,6,201
BEED,2014,6,1338
RAIGARH,2014,6,35
WARDHA,2014,6,538
Mumbai Suburban,2014,6,11
NANDURBAR,2014,6,66
NAGPUR,2014,6,739
CHANDRAPUR,2014,6,297
DHULE,2022,6,297
WARDHA,2022,6,497
BEED,2022,6,638
OSMANABAD,2022,6,492
AHMADNAGAR,2022,6,842
YEVATMAL,2022,6,2346
JALGAON,2022,6,936
PARBHANI,2022,6,876
HINGOLI,2022,6,673
NANDED,2022,6,1986
SATARA,2022,6,160
SANGLI,2022,6,281
WASHIM,2022,6,1115
BULDANA,2022,6,1442
AKOLA,2022,6,613
WASHIM,2010,9,98
OSMANABAD,2010,9,98
AKOLA,2010,9,93
SANGLI,2010,9,53
GADCHIROLI,2010,9,7
NANDURBAR,2010,9,20
BHANDARA,2010,9,17
NANDURBAR,2016,11,140
GADCHIROLI,2016,11,102
SOLAPUR,2014,8,1258
YEVATMAL,2014,8,1412
WASHIM,2014,8,1054
BEED,2014,8,1214
JALGAON,2014,8,984
BULDANA,2014,8,2084
NANDED,2014,8,1620
PARBHANI,2014,8,1589
JALNA,2014,8,1291
WARDHA,2014,8,416
NASIK,2014,8,1355
AKOLA,2014,8,972
LATUR,2014,8,766
AHMADNAGAR,2014,8,1304
AURANGABAD,2014,8,1233
NAGPUR,2014,8,357
BULDANA,2022,8,1471
AHMADNAGAR,2022,8,974
PARBHANI,2022,8,1070
JALNA,2022,8,1026
HINGOLI,2022,8,699
AMRAVATI,2022,8,658
WASHIM,2022,8,1150
BEED,2022,8,1158
NASIK,2022,8,651
JALGAON,2022,8,851
AURANGABAD,2022,8,956
NANDED,2022,8,1738
SOLAPUR,2022,8,942
NAGPUR,2022,8,333
CHANDRAPUR,2022,8,167
GONDIYA,2022,8,100
YEVATMAL,2022,8,1333
WARDHA,2022,8,265
OSMANABAD,2022,8,511
AKOLA,2022,8,669
LATUR,2022,8,664
AURANGABAD,2019,3,4130
AKOLA,2019,3,707
SATARA,2022,8,240
THANE,2022,8,5
DHULE,2022,8,228
PUNE,2022,8,291
BHANDARA,2022,8,80
KOLHAPUR,2022,8,189
SANGLI,2022,8,224
AHMADNAGAR,2019,3,1099
PARBHANI,2019,3,1668
SOLAPUR,2019,3,1380
JALNA,2019,3,825
NANDED,2019,3,1371
YEVATMAL,2019,3,1230
AMRAVATI,2019,3,666
PUNE,2019,3,639
SATARA,2019,3,335
OSMANABAD,2019,3,543
BHANDARA,2019,3,210
LATUR,2019,3,734
HINGOLI,2019,3,714
NASIK,2019,3,724
WASHIM,2019,3,886
BEED,2019,3,867
RATNAGIRI,2019,3,24
SANGLI,2019,3,428
CHANDRAPUR,2019,3,259
GONDIYA,2019,3,135
NANDURBAR,2019,3,56
KOLHAPUR,2019,3,439
BULDANA,2019,3,1113
WARDHA,2019,3,243
AURANGABAD,2014,11,2265
DHULE,2014,11,641
BULDANA,2014,11,2516
NANDED,2014,11,2193
NASIK,2014,11,3218
SANGLI,2014,11,1463
HINGOLI,2014,11,1261
JALNA,2014,11,1649
SOLAPUR,2014,11,4242
OSMANABAD,2014,11,1690
AMRAVATI,2014,11,1510
YEVATMAL,2014,11,1674
AHMADNAGAR,2014,11,3573
WASHIM,2014,11,1306
SATARA,2014,11,1035
PARBHANI,2014,11,1506
KOLHAPUR,2014,11,771
BEED,2014,11,1897
WARDHA,2014,11,642
PUNE,2014,11,1820
LATUR,2014,11,1244
JALGAON,2014,11,1807
CHANDRAPUR,2014,11,466
YEVATMAL,2021,10,1857
WASHIM,2021,10,1705
OSMANABAD,2021,10,689
NASIK,2021,10,1116
BULDANA,2021,10,1631
JALNA,2021,10,931
AURANGABAD,2021,10,966
RAIGARH,2021,10,21
AKOLA,2021,10,1054
AHMADNAGAR,2021,10,1205
SOLAPUR,2021,10,1471
LATUR,2021,10,786
PUNE,2021,10,493
GONDIYA,2021,4,61
JALNA,2011,11,124
AHMADNAGAR,2011,11,319
AURANGABAD,2011,11,200
BULDANA,2011,11,234
AKOLA,2011,11,111
WARDHA,2011,11,56
YEVATMAL,2011,11,194
BEED,2011,11,181
NANDED,2021,10,2184
BEED,2021,10,928
JALGAON,2021,10,801
AMRAVATI,2021,10,1208
PARBHANI,2021,10,1005
WARDHA,2021,10,435
NAGPUR,2021,10,462
OSMANABAD,2014,8,843
DHULE,2014,8,262
AMRAVATI,2014,8,920
PUNE,2014,8,506
HINGOLI,2014,8,1094
SATARA,2014,8,357
KOLHAPUR,2014,8,217
CHANDRAPUR,2014,8,234
RAIGARH,2014,8,11
SANGLI,2014,8,307
NANDURBAR,2014,8,75
THANE,2014,8,29
BHANDARA,2014,8,166
RAIGARH,2023,12,13
RATNAGIRI,2014,8,11
GADCHIROLI,2014,8,35
MUMBAI,2012,10,13
9999,2012,10,5
PUNE,2021,3,723
RATNAGIRI,2012,10,10
Mumbai Suburban,2015,3,2
null,2018,5,3
RAIGARH,2015,3,77
GONDIYA,2014,8,44
SINDHUDURG,2014,8,5
GONDIYA,2016,11,152
SANGLI,2016,8,911
JALGAON,2016,8,2911
BULDANA,2016,8,6305
AKOLA,2016,8,3217
JALNA,2016,8,4984
LATUR,2016,8,2393
YEVATMAL,2016,8,3937
PARBHANI,2016,8,4590
BEED,2016,8,5517
NASIK,2016,8,3934
WASHIM,2016,8,4072
NANDED,2016,8,5079
HINGOLI,2016,8,3697
PUNE,2016,8,1323
AURANGABAD,2016,8,4782
AHMADNAGAR,2016,8,4834
NAGPUR,2016,8,1056
SOLAPUR,2016,8,4657
AMRAVATI,2016,8,2510
CHANDRAPUR,2016,8,617
NANDURBAR,2016,8,199
SATARA,2016,8,888
SOLAPUR,2021,3,1458
SINDHUDURG,2023,12,8
OSMANABAD,2016,8,2632
THANE,2016,8,67
MUMBAI,2018,5,20
WARDHA,2021,3,318
HINGOLI,2021,3,767
SATARA,2021,3,410
GADCHIROLI,2021,3,43
BHANDARA,2021,3,120
MUMBAI,2021,3,38
SINDHUDURG,2021,3,46
KOLHAPUR,2021,3,408
RATNAGIRI,2021,3,42
SINDHUDURG,2021,9,21
GADCHIROLI,2021,9,73
NANDURBAR,2021,3,52
THANE,2021,3,40
WARDHA,2016,8,880
0,2016,8,473
DHULE,2016,8,1117
KOLHAPUR,2016,8,557
NANDED,2020,10,1284
WASHIM,2020,10,903
AURANGABAD,2020,10,627
NAGPUR,2020,10,282
WARDHA,2020,10,202
BULDANA,2020,10,1059
SANGLI,2020,10,242
AMRAVATI,2020,10,622
PARBHANI,2020,10,776
AKOLA,2020,10,642
NASIK,2020,10,842
BEED,2020,10,587
AHMADNAGAR,2020,10,871
PUNE,2020,10,301
PALGHAR,2020,10,23
GONDIYA,2020,10,104
SOLAPUR,2020,10,917
LATUR,2020,10,528
OSMANABAD,2020,10,411
NANDURBAR,2020,10,54
YEVATMAL,2020,10,1026
JALNA,2020,10,561
KOLHAPUR,2020,10,142
DHULE,2020,10,194
JALGAON,2020,10,519
SATARA,2020,10,231
PARBHANI,2020,9,1069
KOLHAPUR,2020,9,165
BULDANA,2020,9,970
WASHIM,2020,9,622
YEVATMAL,2020,9,1223
HINGOLI,2020,9,552
AHMADNAGAR,2020,9,1009
AURANGABAD,2020,9,875
NAGPUR,2020,9,338
JALNA,2020,9,755
WARDHA,2020,9,252
SOLAPUR,2020,9,1070
CHANDRAPUR,2020,9,291
NANDED,2020,9,1419
BEED,2020,9,696
SANGLI,2020,9,241
NASIK,2020,9,884
AKOLA,2020,9,605
OSMANABAD,2020,9,497
SATARA,2020,9,245
DHULE,2020,9,174
PUNE,2020,9,399
KOLHAPUR,2017,2,679
OSMANABAD,2017,2,1249
AHMADNAGAR,2017,2,3352
NASIK,2017,2,2151
WASHIM,2017,2,1415
NANDED,2017,2,2450
JALNA,2017,2,2133
BULDANA,2017,2,2254
THANE,2017,2,105
JALGAON,2020,9,643
LATUR,2020,9,585
NANDURBAR,2020,9,73
WASHIM,2023,7,1435
SANGLI,2023,7,417
NANDURBAR,2023,7,63
BHANDARA,2020,9,122
AMRAVATI,2020,9,585
GONDIYA,2020,9,92
NASIK,2023,7,849
OSMANABAD,2023,7,634
GONDIYA,2023,7,114
CHANDRAPUR,2023,7,381
BHANDARA,2023,7,141
WARDHA,2023,7,406
PUNE,2017,2,1342
AKOLA,2017,2,1705
AMRAVATI,2017,2,1461
BEED,2017,2,2055
YEVATMAL,2017,2,1637
HINGOLI,2017,2,1089
LATUR,2017,2,1174
AURANGABAD,2017,2,2209
DHULE,2017,2,627
SOLAPUR,2017,2,3418
NAGPUR,2017,2,735
SATARA,2017,2,716
PARBHANI,2017,2,1764
WARDHA,2017,2,409
CHANDRAPUR,2017,2,377
JALGAON,2017,2,1240
SANGLI,2017,2,781
YEVATMAL,2017,8,3964
WASHIM,2017,8,4282
AMRAVATI,2017,8,2641
HINGOLI,2017,8,2712
NAGPUR,2017,8,860
SANGLI,2017,8,623
WARDHA,2017,8,869
BEED,2017,8,3531
CHANDRAPUR,2017,8,802
JALNA,2017,8,4136
BULDANA,2017,8,6364
NANDED,2017,8,5189
AHMADNAGAR,2017,8,3946
HINGOLI,2020,10,573
CHANDRAPUR,2020,10,225
BHANDARA,2020,10,97
NASIK,2017,8,3256
AKOLA,2017,8,3225
SATARA,2017,8,470
SOLAPUR,2017,8,3129
PARBHANI,2017,8,4134
KOLHAPUR,2017,8,419
AURANGABAD,2017,8,4115
LATUR,2017,8,2135
PUNE,2017,8,912
SOLAPUR,2015,6,3522
WARDHA,2015,6,821
JALNA,2015,6,2913
DHULE,2015,6,870
AKOLA,2015,6,2129
PARBHANI,2015,6,3229
AURANGABAD,2015,6,3213
AHMADNAGAR,2015,6,3932
YEVATMAL,2015,6,2619
BHANDARA,2015,6,294
JALGAON,2015,6,2847
NANDED,2015,6,3416
OSMANABAD,2015,6,1768
WASHIM,2015,6,2149
SANGLI,2015,6,1222
LATUR,2015,6,1529
AMRAVATI,2015,6,1685
NASIK,2015,6,3603
BEED,2015,6,3087
PUNE,2015,6,1508
BULDANA,2015,6,4515
KOLHAPUR,2015,6,891
SATARA,2015,6,942
HINGOLI,2015,6,2084
SINDHUDURG,2020,10,15
THANE,2020,10,34
RAIGARH,2020,10,16
SANGLI,2012,6,181
BHANDARA,2012,6,80
SINDHUDURG,2012,6,15
THANE,2012,6,19
GADCHIROLI,2012,6,22
NANDURBAR,2012,6,38
RAIGARH,2012,6,15
RATNAGIRI,2012,6,13
SINDHUDURG,2020,3,23
RAIGARH,2023,7,13
PUNE,2023,7,337
NASIK,2018,12,776
SANGLI,2018,12,415
SOLAPUR,2018,12,1377
SATARA,2018,12,341
SOLAPUR,2017,3,4326
NASIK,2017,3,2348
AHMADNAGAR,2017,3,3456
DHULE,2017,3,517
PARBHANI,2017,3,1979
YEVATMAL,2018,12,1106
JALNA,2018,12,824
AMRAVATI,2018,12,690
AHMADNAGAR,2018,12,1092
OSMANABAD,2018,12,550
WASHIM,2018,12,978
BEED,2018,12,788
AKOLA,2018,12,715
GADCHIROLI,2018,12,55
PARBHANI,2018,12,706
NANDED,2018,12,1477
BULDANA,2018,12,1181
AMRAVATI,2017,3,1422
KOLHAPUR,2017,3,747
JALNA,2017,3,2010
AKOLA,2017,3,1676
LATUR,2017,3,1722
BEED,2017,3,2258
PUNE,2017,3,1417
BULDANA,2017,3,2452
CHANDRAPUR,2017,3,415
JALGAON,2017,3,1198
SANGLI,2017,3,989
AURANGABAD,2017,3,1844
YEVATMAL,2017,3,1943
NAGPUR,2017,3,634
SATARA,2017,3,775
OSMANABAD,2017,3,1828
HINGOLI,2017,3,1402
WASHIM,2017,3,1536
NANDED,2017,3,3017
AURANGABAD,2018,12,713
LATUR,2018,12,689
PUNE,2018,12,489
JALGAON,2018,12,483
GONDIYA,2017,3,172
NANDURBAR,2017,3,90
WARDHA,2017,3,452
DHULE,2018,12,202
KOLHAPUR,2018,12,235
CHANDRAPUR,2018,12,279
HINGOLI,2018,12,566
BHANDARA,2018,12,158
GONDIYA,2018,12,93
GADCHIROLI,2017,3,107
SINDHUDURG,2017,3,35
0,2017,3,174
RATNAGIRI,2017,2,71
BHANDARA,2017,2,198
THANE,2017,3,103
WARDHA,2018,12,262
GONDIYA,2017,2,134
0,2017,2,168
BULDANA,2010,5,328
AHMADNAGAR,2010,5,507
NAGPUR,2010,5,77
NANDED,2010,5,284
JALGAON,2010,5,228
AURANGABAD,2010,5,427
YEVATMAL,2010,5,159
AMRAVATI,2010,5,179
NANDURBAR,2017,2,85
GADCHIROLI,2017,2,60
SINDHUDURG,2017,2,33
RATNAGIRI,2020,10,12
RAIGARH,2016,9,25
THANE,2016,9,58
AURANGABAD,2012,1,182
AHMADNAGAR,2012,1,280
THANE,2012,1,19
AMRAVATI,2012,1,107
SOLAPUR,2012,1,131
BULDANA,2012,1,171
KOLHAPUR,2012,1,32
JALGAON,2012,1,123
WASHIM,2012,1,98
SANGLI,2012,1,60
PARBHANI,2012,1,128
NASIK,2012,1,246
NANDED,2012,1,94
NAGPUR,2015,6,845
GADCHIROLI,2015,6,78
RAIGARH,2015,6,27
NANDURBAR,2015,6,110
GADCHIROLI,2017,11,99
RATNAGIRI,2015,6,50
GONDIYA,2015,6,135
CHANDRAPUR,2015,6,403
MUMBAI,2017,11,45
NANDURBAR,2017,11,73
NAGPUR,2012,1,59
OSMANABAD,2012,1,85
MUMBAI,2015,6,39
THANE,2015,6,86
NASIK,2022,6,659
AMRAVATI,2022,6,963
GADCHIROLI,2022,6,55
LATUR,2022,6,488
SOLAPUR,2022,6,920
NAGPUR,2022,6,481
MUMBAI,2014,12,41
NASIK,2016,2,3550
SOLAPUR,2016,2,4718
PARBHANI,2016,2,2306
NANDED,2016,2,2740
JALNA,2016,2,2322
BULDANA,2016,2,3448
AHMADNAGAR,2016,2,4796
BHANDARA,2016,2,378
PUNE,2016,2,2094
WASHIM,2016,2,1673
AMRAVATI,2016,2,2044
PUNE,2014,1,1793
AKOLA,2014,1,1302
AHMADNAGAR,2014,1,4137
BEED,2014,1,2080
AMRAVATI,2014,1,1416
LATUR,2014,1,1141
KOLHAPUR,2014,1,713
NAGPUR,2014,1,737
HINGOLI,2014,1,1227
JALGAON,2014,1,1771
AURANGABAD,2014,1,2111
PARBHANI,2014,1,1675
YEVATMAL,2014,1,1476
BHANDARA,2014,1,302
NANDED,2014,1,2212
WARDHA,2014,1,434
DHULE,2014,1,598
WASHIM,2014,1,1019
OSMANABAD,2014,1,1507
NASIK,2014,1,3103
JALNA,2014,1,1960
SOLAPUR,2014,1,3049
SATARA,2014,1,940
BULDANA,2014,1,2387
SANGLI,2014,1,1237
BHANDARA,2019,7,411
WARDHA,2019,7,1198
SATARA,2019,7,618
CHANDRAPUR,2013,6,346
PUNE,2013,6,1134
WASHIM,2013,6,1102
AHMADNAGAR,2013,6,3694
SANGLI,2013,6,991
AMRAVATI,2013,6,1198
AURANGABAD,2013,6,2740
BULDANA,2013,6,2558
BEED,2013,6,1985
AKOLA,2013,6,1268
JALGAON,2013,6,1767
JALNA,2013,6,2643
HINGOLI,2013,6,1093
KOLHAPUR,2013,6,781
NAGPUR,2013,6,774
NANDED,2013,6,2364
SATARA,2013,6,812
DHULE,2013,6,672
YEVATMAL,2013,6,1632
OSMANABAD,2013,6,1327
NASIK,2013,6,3073
SOLAPUR,2013,6,2050
BHANDARA,2013,6,257
PARBHANI,2013,6,1543
WARDHA,2013,6,567
CHANDRAPUR,2014,1,327
NANDURBAR,2014,1,198
GONDIYA,2014,1,121
RAIGARH,2014,1,86
THANE,2014,1,219
BEED,2016,2,2697
AKOLA,2016,2,2625
LATUR,2016,2,1444
YEVATMAL,2016,2,2287
HINGOLI,2016,2,1529
NAGPUR,2016,2,1057
JALGAON,2016,2,2007
AURANGABAD,2016,2,3154
SATARA,2016,2,1388
OSMANABAD,2016,2,1872
SANGLI,2016,2,1357
RATNAGIRI,2014,1,77
NAGPUR,2019,7,1899
LATUR,2013,6,1087
NANDURBAR,2013,6,165
RAIGARH,2013,6,52
GONDIYA,2013,6,140
GADCHIROLI,2014,1,79
AURANGABAD,2022,6,888
PUNE,2022,6,324
KOLHAPUR,2022,6,314
BHANDARA,2022,6,85
THANE,2014,6,82
MUMBAI,2014,6,25
SINDHUDURG,2014,6,39
BEED,2018,6,2581
AURANGABAD,2018,6,3026
AKOLA,2018,6,1973
BULDANA,2018,6,4610
WASHIM,2018,6,3304
NANDED,2018,6,4866
YEVATMAL,2018,6,4045
PARBHANI,2018,6,3554
SANGLI,2018,6,859
AMRAVATI,2018,6,2056
AHMADNAGAR,2018,6,3204
JALGAON,2018,6,2635
CHANDRAPUR,2018,6,978
SOLAPUR,2018,6,2843
LATUR,2018,6,1963
DHULE,2018,6,747
BHANDARA,2018,6,260
HINGOLI,2018,6,2163
NASIK,2018,6,2605
THANE,2018,6,101
KOLHAPUR,2018,6,625
JALNA,2018,6,2814
NAGPUR,2018,6,1291
OSMANABAD,2018,6,1601
PUNE,2018,6,1035
GADCHIROLI,2018,6,129
PALGHAR,2017,3,21
WARDHA,2018,6,1033
NANDURBAR,2018,6,112
MUMBAI,2014,1,59
9999,2014,1,88
SINDHUDURG,2013,6,34
THANE,2013,6,78
RATNAGIRI,2013,6,27
BHANDARA,2017,3,231
Mumbai Suburban,2014,1,26
MUMBAI,2016,11,57
Mumbai Suburban,2014,12,6
CHANDRAPUR,2016,2,664
KOLHAPUR,2016,2,917
THANE,2016,2,285
DHULE,2016,2,1373
WARDHA,2016,2,719
SINDHUDURG,2014,1,61
THANE,2013,12,106
WARDHA,2013,12,527
RAIGARH,2013,12,41
GADCHIROLI,2014,6,50
GADCHIROLI,2017,9,180
THANE,2021,9,40
MUMBAI,2013,12,38
9999,2013,12,43
GADCHIROLI,2013,6,60
0,2013,6,2
0,2016,2,420
MUMBAI,2016,2,106
SINDHUDURG,2016,2,58
GONDIYA,2010,9,5
RAIGARH,2021,9,10
GONDIYA,2016,2,329
RATNAGIRI,2016,2,90
NANDURBAR,2016,2,163
SATARA,2017,9,418
GONDIYA,2017,9,184
GADCHIROLI,2016,2,93
CHANDRAPUR,2017,9,945
0,2017,9,389
NANDURBAR,2017,9,137
RATNAGIRI,2017,9,41
DHULE,2017,8,833
0,2017,8,219
GONDIYA,2016,5,82
LATUR,2016,5,651
SANGLI,2016,5,590
AHMADNAGAR,2016,5,1948
AURANGABAD,2016,5,1440
NANDED,2016,5,1314
0,2016,5,132
SOLAPUR,2016,5,1690
JALGAON,2016,5,896
GONDIYA,2016,8,214
MUMBAI,2016,8,21
DHULE,2016,5,593
GONDIYA,2017,8,160
OSMANABAD,2017,8,1742
JALGAON,2017,8,2912
BHANDARA,2017,8,270
GADCHIROLI,2017,8,151
JALNA,2022,6,846
CHANDRAPUR,2022,6,314
GONDIYA,2019,7,332
KOLHAPUR,2019,7,488
NANDURBAR,2019,7,201
SINDHUDURG,2019,7,33
SATARA,2018,6,581
RAIGARH,2017,3,47
GONDIYA,2018,6,184
THANE,2020,3,41
BHANDARA,2016,8,336
NAGPUR,2018,12,361
GADCHIROLI,2016,8,174
YEVATMAL,2012,7,417
NASIK,2012,7,739
AHMADNAGAR,2012,7,769
OSMANABAD,2012,7,226
NANDED,2012,7,696
NAGPUR,2012,7,276
AURANGABAD,2012,7,812
LATUR,2012,7,313
JALNA,2012,7,758
BEED,2012,7,529
DHULE,2012,7,141
PUNE,2012,7,192
PARBHANI,2012,7,510
AMRAVATI,2012,7,366
BULDANA,2012,7,933
JALGAON,2012,7,739
THANE,2018,12,30
NANDURBAR,2018,12,41
HINGOLI,2012,7,337
WASHIM,2012,7,471
AKOLA,2012,7,353
SATARA,2012,7,115
SOLAPUR,2012,7,379
SANGLI,2012,7,171
SATARA,2010,10,83
NANDED,2010,10,233
DHULE,2010,10,46
BEED,2010,10,246
JALGAON,2010,10,118
AKOLA,2010,10,84
PUNE,2010,10,98
KOLHAPUR,2010,10,45
AHMADNAGAR,2010,10,353
PARBHANI,2010,10,182
WARDHA,2012,1,52
AKOLA,2012,1,105
LATUR,2012,1,66
YEVATMAL,2012,1,158
JALNA,2012,1,116
NANDURBAR,2017,8,122
NANDURBAR,2022,6,68
AMRAVATI,2010,10,133
NAGPUR,2010,10,97
BULDANA,2010,10,270
AURANGABAD,2010,10,270
SOLAPUR,2010,10,171
NASIK,2010,10,310
OSMANABAD,2010,10,124
CHANDRAPUR,2010,10,21
HINGOLI,2010,10,103
WARDHA,2010,10,72
LATUR,2010,10,139
JALNA,2010,10,146
SANGLI,2010,10,80
BHANDARA,2010,10,26
YEVATMAL,2010,10,136
WASHIM,2010,10,118
DHULE,2017,5,901
AKOLA,2017,5,1438
WASHIM,2017,5,1386
JALNA,2017,5,1931
AHMADNAGAR,2017,5,3761
AURANGABAD,2017,5,2300
SOLAPUR,2017,5,3039
YEVATMAL,2017,5,1820
BEED,2017,5,2172
NANDED,2017,5,2616
WARDHA,2017,5,373
Mumbai Suburban,2019,6,1
PALGHAR,2017,8,16
PARBHANI,2017,5,1819
LATUR,2017,5,1366
BULDANA,2017,5,2373
SATARA,2017,5,794
KOLHAPUR,2017,5,990
JALGAON,2017,5,1383
NAGPUR,2017,5,624
SANGLI,2017,5,993
PUNE,2017,5,1667
AMRAVATI,2017,5,1284
NASIK,2017,5,2946
OSMANABAD,2017,5,1417
HINGOLI,2017,5,1548
SINDHUDURG,2017,8,12
SATARA,2012,1,52
DHULE,2012,1,41
CHANDRAPUR,2012,1,34
BHANDARA,2017,5,268
BEED,2012,1,127
PUNE,2012,1,98
HINGOLI,2012,1,77
NANDURBAR,2012,1,17
BHANDARA,2012,1,31
RAIGARH,2012,1,12
GONDIYA,2012,1,16
RATNAGIRI,2012,1,4
MUMBAI,2017,8,19
PALGHAR,2020,3,21
THANE,2017,8,32
SINDHUDURG,2015,12,52
GADCHIROLI,2012,1,9
MUMBAI,2012,1,4
CHANDRAPUR,2017,5,346
RATNAGIRI,2017,8,23
RAIGARH,2017,5,54
RATNAGIRI,2017,5,45
0,2017,5,163
SINDHUDURG,2016,8,16
OSMANABAD,2016,5,708
KOLHAPUR,2016,5,499
WASHIM,2016,5,620
PARBHANI,2016,5,888
JALNA,2016,5,1037
BEED,2016,5,1162
NASIK,2016,5,1638
PUNE,2016,5,886
BULDANA,2016,5,1213
WARDHA,2016,5,242
AKOLA,2016,5,849
NAGPUR,2016,5,395
HINGOLI,2016,5,762
BHANDARA,2016,5,151
YEVATMAL,2016,5,786
AMRAVATI,2016,5,789
NANDURBAR,2012,7,25
9999,2012,7,3
WARDHA,2012,7,158
KOLHAPUR,2012,7,118
CHANDRAPUR,2012,7,79
BHANDARA,2012,7,69
SINDHUDURG,2012,7,12
RATNAGIRI,2012,7,5
MUMBAI,2012,7,9
GADCHIROLI,2012,7,18
THANE,2012,7,10
SATARA,2016,5,486
CHANDRAPUR,2016,5,172
THANE,2016,5,70
Mumbai Suburban,2016,8,2
RAIGARH,2016,8,28
RATNAGIRI,2016,8,29
NANDURBAR,2016,5,47
AKOLA,2013,1,1459
LATUR,2013,1,1259
NANDED,2013,1,1730
YEVATMAL,2013,1,2035
CHANDRAPUR,2013,1,470
NANDURBAR,2013,1,192
SANGLI,2013,1,1101
NASIK,2013,1,2851
PARBHANI,2013,1,1200
AHMADNAGAR,2013,1,3500
PUNE,2013,1,1625
AMRAVATI,2013,1,1647
BHANDARA,2013,1,410
JALNA,2013,1,1378
SOLAPUR,2013,1,2175
JALGAON,2013,1,1822
SATARA,2013,1,988
KOLHAPUR,2013,1,800
WASHIM,2013,1,1155
HINGOLI,2013,1,1075
THANE,2013,1,227
GONDIYA,2012,7,37
RATNAGIRI,2020,3,26
WARDHA,2013,1,541
AURANGABAD,2013,1,2258
NAGPUR,2013,1,864
OSMANABAD,2013,1,894
RAIGARH,2013,1,117
BEED,2013,1,1542
DHULE,2013,1,722
BULDANA,2013,1,1927
RAIGARH,2021,3,41
MUMBAI,2018,12,19
JALGAON,2009,1,134
AHMADNAGAR,2009,1,382
SATARA,2009,1,107
SOLAPUR,2009,1,156
NAGPUR,2009,1,25
OSMANABAD,2009,1,65
YEVATMAL,2009,1,32
KOLHAPUR,2009,1,122
NASIK,2009,1,125
PUNE,2009,1,120
AMRAVATI,2009,1,83
SANGLI,2009,1,139
BEED,2009,1,197
CHANDRAPUR,2009,1,12
JALNA,2009,1,22
AURANGABAD,2009,1,78
NANDURBAR,2009,1,16
BULDANA,2009,1,30
DHULE,2009,1,22
SINDHUDURG,2009,1,21
AKOLA,2009,1,39
GADCHIROLI,2013,1,146
GONDIYA,2013,1,257
MUMBAI,2013,1,114
RATNAGIRI,2013,1,94
PALGHAR,2021,3,40
SINDHUDURG,2016,5,11
RATNAGIRI,2016,5,34
RAIGARH,2016,5,35
PALGHAR,2016,5,5
RAIGARH,2012,7,9
SINDHUDURG,2013,1,76
HINGOLI,2010,1,37
THANE,2010,1,7
NANDURBAR,2010,1,17
CHANDRAPUR,2010,1,22
SINDHUDURG,2018,12,23
RATNAGIRI,2015,12,54
RATNAGIRI,2013,12,30
PALGHAR,2018,12,15
RAIGARH,2018,12,24
THANE,2019,7,59
Mumbai Suburban,2017,9,1
MUMBAI,2017,9,43
GADCHIROLI,2013,12,63
SINDHUDURG,2013,12,33
PALGHAR,2019,7,19
RATNAGIRI,2018,12,22
SINDHUDURG,2017,9,15
THANE,2017,9,51
THANE,2021,8,4
Mumbai Suburban,2017,11,8
PALGHAR,2016,2,10
0,2018,12,27
SINDHUDURG,2016,11,54
0,2018,6,23
PALGHAR,2016,11,5
SINDHUDURG,2015,6,42
9999,2013,1,26
PALGHAR,2013,1,2
GADCHIROLI,2016,5,36
RATNAGIRI,2018,6,43
GADCHIROLI,2019,7,211
null,2018,6,1
MUMBAI,2018,6,12
GONDIYA,2010,1,11
MUMBAI,2017,3,52
MUMBAI,2013,6,39
RATNAGIRI,2017,3,46
9999,2013,6,12
RAIGARH,2018,6,22
PALGHAR,2018,6,12
BULDANA,2011,5,157
AURANGABAD,2011,5,159
PARBHANI,2011,5,118
SOLAPUR,2011,5,101
BEED,2011,5,153
NANDED,2011,5,121
AHMADNAGAR,2011,5,285
YEVATMAL,2011,5,114
KOLHAPUR,2011,5,61
JALGAON,2011,5,102
NAGPUR,2011,5,78
SANGLI,2011,5,90
JALNA,2011,5,116
SATARA,2011,5,75
AKOLA,2011,5,81
NASIK,2011,5,253
PUNE,2011,5,140
LATUR,2011,5,70
BHANDARA,2011,5,14
HINGOLI,2011,5,92
WARDHA,2011,5,48
THANE,2011,5,11
WASHIM,2011,5,81
AMRAVATI,2011,5,105
YEVATMAL,2011,9,105
JALNA,2011,9,106
BEED,2011,9,120
AURANGABAD,2011,9,109
JALGAON,2011,9,71
NANDED,2011,9,74
HINGOLI,2011,9,69
AHMADNAGAR,2011,9,123
WASHIM,2011,9,65
BULDANA,2011,9,159
NANDURBAR,2011,9,7
NASIK,2011,9,81
OSMANABAD,2011,9,32
AKOLA,2011,9,55
AMRAVATI,2011,9,52
DHULE,2011,9,32
NAGPUR,2011,9,36
KOLHAPUR,2011,9,18
SANGLI,2011,9,24
PARBHANI,2011,9,67
SOLAPUR,2011,9,42
THANE,2011,9,6
PUNE,2011,9,27
RAIGARH,2016,2,97
CHANDRAPUR,2011,5,36
RAIGARH,2011,5,16
MUMBAI,2011,5,13
DHULE,2011,5,57
GADCHIROLI,2011,5,9
RATNAGIRI,2011,5,10
Mumbai Suburban,2016,2,6
OSMANABAD,2011,5,33
NANDURBAR,2011,5,9
GONDIYA,2011,5,5
RAIGARH,2017,8,7
KOLHAPUR,2020,2,546
SATARA,2020,2,557
OSMANABAD,2022,1,614
JALGAON,2022,1,757
AKOLA,2022,1,1072
BHANDARA,2022,1,183
LATUR,2022,1,685
WARDHA,2022,1,441
AURANGABAD,2022,1,905
BEED,2022,1,1050
AHMADNAGAR,2022,1,1359
WASHIM,2022,1,1165
BULDANA,2022,1,1385
PUNE,2022,1,617
AMRAVATI,2022,1,1127
YEVATMAL,2022,1,1773
NANDED,2022,1,1541
NASIK,2022,1,1079
GONDIYA,2022,1,90
NAGPUR,2022,1,515
SANGLI,2022,1,318
KOLHAPUR,2022,1,417
SATARA,2022,1,432
HINGOLI,2022,1,566
JALNA,2022,1,942
SOLAPUR,2022,1,1292
PARBHANI,2022,1,837
SINDHUDURG,2022,1,74
NANDURBAR,2022,1,83
GADCHIROLI,2022,1,91
DHULE,2022,1,389
CHANDRAPUR,2022,1,349
RATNAGIRI,2022,1,62
MUMBAI,2022,1,67
NANDURBAR,2020,2,116
PALGHAR,2022,1,16
THANE,2020,2,76
0,2020,2,7
SINDHUDURG,2020,2,52
RAIGARH,2020,2,57
MUMBAI,2020,2,42
THANE,2022,1,65
RAIGARH,2022,1,42
PALGHAR,2021,9,15
RATNAGIRI,2020,2,42
BULDANA,2018,7,5668
WASHIM,2018,7,3277
HINGOLI,2018,7,2651
PARBHANI,2018,7,4806
YEVATMAL,2018,7,3524
JALNA,2018,7,3767
SOLAPUR,2018,7,3473
NASIK,2018,7,3246
LATUR,2018,7,2651
AHMADNAGAR,2018,7,3707
AKOLA,2018,7,2474
PUNE,2018,7,1230
NANDED,2018,7,6896
SANGLI,2018,7,832
WARDHA,2018,7,694
AURANGABAD,2018,7,4173
AMRAVATI,2018,7,1977
OSMANABAD,2018,7,2290
JALGAON,2018,7,2567
KOLHAPUR,2018,7,510
BEED,2018,7,3742
SATARA,2018,7,764
GONDIYA,2018,7,164
DHULE,2018,7,827
NAGPUR,2018,7,743
NANDURBAR,2018,7,129
CHANDRAPUR,2018,7,671
BHANDARA,2018,7,302
MUMBAI,2018,7,25
RATNAGIRI,2018,7,26
0,2018,7,1
GADCHIROLI,2018,7,107
RAIGARH,2018,7,44
GADCHIROLI,2021,2,26
RATNAGIRI,2021,2,47
SINDHUDURG,2021,2,31
PALGHAR,2021,2,27
GADCHIROLI,2014,7,82
NANDURBAR,2014,7,119
PALGHAR,2020,2,22
0,2021,2,2
RATNAGIRI,2023,1,14
SINDHUDURG,2014,7,46
THANE,2014,7,81
9999,2014,7,6
MUMBAI,2023,1,5
RAIGARH,2020,9,20
THANE,2020,9,32
MUMBAI,2020,10,13
GADCHIROLI,2020,10,36
GADCHIROLI,2020,9,25
MUMBAI,2017,2,51
PALGHAR,2020,9,28
MUMBAI,2020,9,14
RATNAGIRI,2020,9,20
SINDHUDURG,2020,9,23
GADCHIROLI,2018,11,38
KOLHAPUR,2010,7,30
GONDIYA,2010,7,16
OSMANABAD,2010,7,99
SANGLI,2010,7,55
MUMBAI,2018,11,17
THANE,2018,11,38
GONDIYA,2018,11,56
HINGOLI,2010,7,105
Mumbai Suburban,2021,3,3
0,2021,9,5
PALGHAR,2022,3,16
MUMBAI,2021,9,14
NANDED,2017,4,2051
PARBHANI,2009,12,102
GONDIYA,2009,12,15
JALNA,2009,12,127
AHMADNAGAR,2009,12,349
SANGLI,2009,12,77
AURANGABAD,2009,12,274
LATUR,2009,12,80
NASIK,2009,12,171
PUNE,2009,12,88
WASHIM,2009,12,65
OSMANABAD,2009,12,105
WARDHA,2009,12,28
SOLAPUR,2009,12,78
BEED,2009,12,134
JALGAON,2009,12,131
YEVATMAL,2009,12,45
AHMADNAGAR,2018,1,3213
DHULE,2018,1,541
BEED,2018,1,2032
BULDANA,2018,1,1752
JALGAON,2018,1,1137
SOLAPUR,2018,1,2890
AMRAVATI,2018,1,1089
PARBHANI,2018,1,1545
HINGOLI,2018,1,1098
CHANDRAPUR,2018,1,241
JALNA,2018,1,2036
AMRAVATI,2009,12,57
HINGOLI,2009,12,49
BULDANA,2009,12,126
SATARA,2018,1,551
NANDED,2018,1,1954
AURANGABAD,2018,1,2050
LATUR,2018,1,1031
AKOLA,2018,1,983
NAGPUR,2018,1,424
KOLHAPUR,2018,1,572
NASIK,2018,1,2323
PUNE,2018,1,1211
WASHIM,2018,1,997
OSMANABAD,2018,1,1317
0,2018,1,137
NANDURBAR,2018,1,87
YEVATMAL,2018,1,1324
NANDED,2009,12,122
KOLHAPUR,2009,12,31
AKOLA,2009,12,48
SATARA,2009,12,44
BHANDARA,2009,12,15
NAGPUR,2009,12,41
GADCHIROLI,2009,12,2
DHULE,2009,12,42
0,2017,4,163
JALGAON,2017,4,968
NANDURBAR,2017,4,82
SANGLI,2017,4,730
AHMADNAGAR,2017,4,3050
AURANGABAD,2017,4,1669
HINGOLI,2017,4,1211
BULDANA,2017,4,1668
BEED,2017,4,1792
NAGPUR,2017,4,470
AMRAVATI,2017,4,1104
KOLHAPUR,2017,4,687
WARDHA,2017,4,348
NASIK,2017,4,2038
SOLAPUR,2017,4,2826
THANE,2017,4,78
LATUR,2017,4,1301
OSMANABAD,2017,4,1294
DHULE,2017,4,650
SATARA,2017,4,660
RAIGARH,2017,4,37
WASHIM,2017,4,1019
JALNA,2017,4,1580
YEVATMAL,2017,4,1183
PARBHANI,2017,4,1427
AKOLA,2017,4,1154
PUNE,2017,4,1409
CHANDRAPUR,2017,4,285
BHANDARA,2017,4,213
GADCHIROLI,2017,4,88
GONDIYA,2017,4,145
SANGLI,2018,1,566
WARDHA,2018,1,371
GONDIYA,2018,1,147
BULDANA,2015,7,5875
OSMANABAD,2015,7,1791
AURANGABAD,2015,7,3449
NANDED,2015,7,4429
JALGAON,2015,7,3179
WARDHA,2015,7,829
PUNE,2015,7,972
JALNA,2015,7,3667
NAGPUR,2015,7,767
SOLAPUR,2015,7,2941
NASIK,2015,7,3516
AMRAVATI,2015,7,2268
SATARA,2015,7,674
AKOLA,2015,7,2523
WASHIM,2015,7,3356
YEVATMAL,2015,7,2929
AHMADNAGAR,2015,7,3046
BEED,2015,7,3300
KOLHAPUR,2015,7,554
SANGLI,2015,7,898
HINGOLI,2015,7,2666
GONDIYA,2015,7,119
PARBHANI,2015,7,3658
GADCHIROLI,2015,7,96
SANGLI,2010,3,113
BEED,2010,3,276
SATARA,2010,3,119
BULDANA,2010,3,413
PUNE,2010,3,227
AMRAVATI,2010,3,180
NASIK,2010,3,356
JALGAON,2010,3,255
AKOLA,2010,3,125
DHULE,2010,3,111
KOLHAPUR,2010,3,102
AHMADNAGAR,2010,3,597
OSMANABAD,2010,3,258
NANDED,2010,3,255
BHANDARA,2010,3,58
SOLAPUR,2010,3,203
YEVATMAL,2010,3,107
AURANGABAD,2010,3,447
RATNAGIRI,2010,3,9
JALNA,2010,3,285
WASHIM,2010,3,127
LATUR,2010,3,129
PARBHANI,2010,3,234
HINGOLI,2010,3,98
LATUR,2015,7,1580
DHULE,2015,7,891
BHANDARA,2015,7,222
GADCHIROLI,2009,6,6
AHMADNAGAR,2009,6,915
AURANGABAD,2009,6,453
SANGLI,2009,6,313
BHANDARA,2018,1,157
SINDHUDURG,2018,1,33
SOLAPUR,2009,6,255
NASIK,2009,6,344
BHANDARA,2009,6,47
JALGAON,2009,6,461
LATUR,2009,6,76
OSMANABAD,2009,6,188
AMRAVATI,2009,6,506
NANDED,2009,6,297
BEED,2009,6,342
KOLHAPUR,2009,6,199
9999,2009,6,121
YEVATMAL,2009,6,233
PARBHANI,2009,6,542
PUNE,2009,6,272
NANDURBAR,2009,6,36
JALNA,2009,6,177
SATARA,2009,6,219
WARDHA,2009,6,82
NAGPUR,2009,6,184
BULDANA,2009,6,285
AKOLA,2009,6,119
SINDHUDURG,2009,6,26
CHANDRAPUR,2009,6,39
CHANDRAPUR,2015,7,429
NANDURBAR,2015,7,89
NAGPUR,2010,3,116
WARDHA,2010,3,72
CHANDRAPUR,2010,3,44
GONDIYA,2010,3,37
DHULE,2009,6,99
RAIGARH,2010,3,7
MUMBAI,2010,3,40
THANE,2015,7,60
SINDHUDURG,2015,7,20
RATNAGIRI,2018,1,63
THANE,2018,1,79
GONDIYA,2009,6,24
WASHIM,2009,6,169
9999,2010,3,2
SINDHUDURG,2010,3,13
THANE,2010,3,17
NANDURBAR,2010,3,21
THANE,2009,6,41
HINGOLI,2009,6,47
NANDED,2010,11,137
AKOLA,2010,11,89
BULDANA,2010,11,222
JALNA,2010,11,96
AURANGABAD,2010,11,161
NASIK,2010,11,255
BEED,2010,11,131
LATUR,2010,11,94
AMRAVATI,2010,11,132
JALGAON,2010,11,106
WASHIM,2010,11,114
PARBHANI,2010,11,95
SATARA,2010,11,58
DHULE,2010,11,44
SANGLI,2010,11,65
RAIGARH,2010,11,4
YEVATMAL,2010,11,129
SOLAPUR,2010,11,117
AHMADNAGAR,2010,11,204
OSMANABAD,2010,11,83
HINGOLI,2010,11,74
PUNE,2010,11,61
WARDHA,2010,11,44
NANDURBAR,2010,11,12
NAGPUR,2010,11,34
BHANDARA,2010,11,20
KOLHAPUR,2010,11,20
RAIGARH,2018,5,41
CHANDRAPUR,2010,11,19
THANE,2018,7,68
SINDHUDURG,2018,7,23
PALGHAR,2018,7,6
GONDIYA,2010,11,9
GADCHIROLI,2010,11,5
PALGHAR,2018,11,15
GONDIYA,2021,10,97
DHULE,2021,10,253
HINGOLI,2021,10,945
CHANDRAPUR,2021,10,381
SANGLI,2021,10,328
SATARA,2021,10,353
KOLHAPUR,2021,10,266
BHANDARA,2021,10,150
PALGHAR,2021,10,25
NANDURBAR,2021,10,81
RATNAGIRI,2021,10,40
GADCHIROLI,2021,10,77
THANE,2021,10,62
MUMBAI,2021,10,27
SINDHUDURG,2021,10,27
PALGHAR,2020,8,8
MUMBAI,2020,8,12
RATNAGIRI,2020,8,4
AHMADNAGAR,2011,2,106
BULDANA,2011,2,96
SINDHUDURG,2011,2,5
JALGAON,2011,2,66
NANDED,2011,2,47
AURANGABAD,2011,2,89
YEVATMAL,2011,2,70
NASIK,2011,2,121
PARBHANI,2011,2,42
BEED,2011,2,66
KOLHAPUR,2011,2,16
PUNE,2011,2,46
AURANGABAD,2010,2,372
JALNA,2010,2,225
AHMADNAGAR,2010,2,458
WASHIM,2010,2,73
JALGAON,2010,2,176
BULDANA,2010,2,279
NAGPUR,2010,2,66
OSMANABAD,2011,2,35
AKOLA,2011,2,42
WASHIM,2011,2,39
JALNA,2011,2,44
SATARA,2011,2,25
MUMBAI,2016,5,25
SINDHUDURG,2017,4,47
RATNAGIRI,2017,4,55
DHULE,2016,10,898
SINDHUDURG,2016,10,24
RAIGARH,2016,10,39
GONDIYA,2016,10,173
BHANDARA,2016,10,289
0,2016,10,285
MUMBAI,2017,4,34
PALGHAR,2015,7,2
RATNAGIRI,2015,7,25
RAIGARH,2015,7,21
PALGHAR,2017,4,21
MUMBAI,2015,7,9
0,2015,7,6
NANDURBAR,2016,10,167
RATNAGIRI,2016,10,22
SINDHUDURG,2021,4,24
RAIGARH,2021,4,19
NANDURBAR,2021,4,28
THANE,2021,4,30
MUMBAI,2023,7,7
GADCHIROLI,2016,3,141
BHANDARA,2021,4,46
AHMADNAGAR,2019,1,1143
JALGAON,2019,1,617
JALNA,2019,1,909
NAGPUR,2019,1,357
BEED,2019,1,744
NASIK,2019,1,811
SOLAPUR,2019,1,1323
AURANGABAD,2019,1,809
LATUR,2019,1,524
SANGLI,2019,1,367
PUNE,2019,1,526
HINGOLI,2019,1,610
BULDANA,2019,1,1216
YEVATMAL,2019,1,1039
CHANDRAPUR,2019,1,225
OSMANABAD,2019,1,587
AKOLA,2019,1,775
SATARA,2019,1,389
WASHIM,2019,1,1035
GADCHIROLI,2019,1,54
AMRAVATI,2019,1,805
NANDED,2019,1,1482
DHULE,2019,1,270
PARBHANI,2019,1,944
BHANDARA,2019,1,149
THANE,2019,1,56
PALGHAR,2016,4,14
NANDURBAR,2016,4,140
NANDURBAR,2019,1,50
RAIGARH,2019,1,30
KOLHAPUR,2019,1,383
WARDHA,2019,1,286
GONDIYA,2019,1,108
THANE,2016,10,70
MUMBAI,2014,7,17
SINDHUDURG,2016,4,79
PALGHAR,2017,2,17
RAIGARH,2017,2,67
RATNAGIRI,2013,7,36
RAIGARH,2013,7,21
MUMBAI,2013,7,22
GADCHIROLI,2013,7,32
SINDHUDURG,2013,7,19
9999,2013,7,14
GADCHIROLI,2018,1,61
AHMADNAGAR,2017,10,3749
NASIK,2017,10,4120
SATARA,2017,10,636
BEED,2017,10,2207
GONDIYA,2017,10,201
BULDANA,2017,10,4206
SANGLI,2017,10,901
HINGOLI,2017,10,2571
AKOLA,2017,10,2037
OSMANABAD,2017,10,1726
AMRAVATI,2017,10,2006
DHULE,2017,10,729
AURANGABAD,2017,10,2785
PUNE,2017,10,1401
KOLHAPUR,2017,10,485
WASHIM,2017,10,2924
YEVATMAL,2017,10,2727
NAGPUR,2017,10,789
PARBHANI,2017,10,3066
SOLAPUR,2017,10,4288
NANDED,2017,10,4639
LATUR,2017,10,1869
JALNA,2017,10,2526
CHANDRAPUR,2017,10,786
JALGAON,2017,10,2006
WARDHA,2017,10,733
GADCHIROLI,2017,10,154
NANDURBAR,2017,10,112
RAIGARH,2018,1,44
MUMBAI,2018,1,29
BHANDARA,2017,10,234
PALGHAR,2018,5,11
SINDHUDURG,2018,5,10
JALNA,2010,5,236
OSMANABAD,2010,5,165
PUNE,2010,5,190
HINGOLI,2010,5,126
WARDHA,2010,5,60
SOLAPUR,2010,5,226
WASHIM,2010,5,143
SANGLI,2010,5,99
AKOLA,2010,5,102
NASIK,2010,5,378
DHULE,2010,5,102
SATARA,2010,5,103
PARBHANI,2010,5,242
LATUR,2010,5,141
KOLHAPUR,2010,5,74
NANDURBAR,2010,5,29
CHANDRAPUR,2010,5,55
BHANDARA,2010,5,37
BEED,2010,5,245
THANE,2010,5,18
SINDHUDURG,2010,5,8
RATNAGIRI,2010,5,12
GONDIYA,2010,5,25
RAIGARH,2010,5,9
MUMBAI,2010,5,16
Mumbai Suburban,2018,12,2
NASIK,2010,4,473
BULDANA,2010,4,408
WASHIM,2010,4,134
HINGOLI,2010,4,135
AURANGABAD,2010,4,563
AHMADNAGAR,2010,4,679
PARBHANI,2010,4,222
JALNA,2010,4,305
OSMANABAD,2010,4,223
SOLAPUR,2010,4,221
JALGAON,2010,4,256
PUNE,2010,4,315
AMRAVATI,2010,4,227
BEED,2010,4,340
LATUR,2010,4,191
NAGPUR,2010,4,120
WARDHA,2010,4,88
AKOLA,2010,4,100
SATARA,2010,4,130
NANDED,2010,4,290
YEVATMAL,2010,4,146
KOLHAPUR,2010,4,83
NANDURBAR,2010,4,38
9999,2010,4,13
DHULE,2010,4,126
BHANDARA,2010,4,75
SANGLI,2010,4,109
GONDIYA,2010,4,28
THANE,2010,4,22
MUMBAI,2010,4,24
CHANDRAPUR,2010,4,42
RAIGARH,2010,4,8
NASIK,2007,1,3
YEVATMAL,2007,1,4
AHMADNAGAR,2007,1,8
BULDANA,2007,1,8
WARDHA,2007,1,2
NAGPUR,2007,1,1
WASHIM,2007,1,4
JALGAON,2007,1,3
SANGLI,2007,1,1
PUNE,2007,1,1
KOLHAPUR,2007,1,2
NANDED,2007,1,3
JALNA,2007,1,3
BEED,2007,1,3
PALGHAR,2015,1,5
9999,2010,5,2
NASIK,2011,3,95
WARDHA,2011,3,16
BHANDARA,2011,3,9
BULDANA,2011,3,91
AURANGABAD,2011,3,63
WASHIM,2011,3,51
0,2019,1,27
YEVATMAL,2011,3,47
AMRAVATI,2011,3,39
SATARA,2011,3,31
BEED,2011,3,65
PUNE,2011,3,48
JALNA,2011,3,59
NANDED,2011,3,53
AHMADNAGAR,2011,3,106
SOLAPUR,2011,3,50
RATNAGIRI,2019,1,43
DHULE,2011,3,38
PARBHANI,2011,3,27
SANGLI,2011,3,28
OSMANABAD,2011,3,25
JALGAON,2011,3,48
NAGPUR,2011,3,27
AKOLA,2011,3,42
MUMBAI,2011,3,5
THANE,2011,3,6
KOLHAPUR,2011,3,18
HINGOLI,2011,3,24
CHANDRAPUR,2011,3,9
9999,2012,12,2
0,2017,10,193
RAIGARH,2017,10,30
THANE,2017,10,52
MUMBAI,2019,1,32
HINGOLI,2011,8,174
NASIK,2011,8,273
LATUR,2010,8,110
NANDED,2010,8,221
AURANGABAD,2010,8,402
BULDANA,2010,8,400
PARBHANI,2010,8,190
JALNA,2010,8,257
AHMADNAGAR,2010,8,269
DHULE,2010,8,87
WASHIM,2010,8,151
AMRAVATI,2010,8,158
JALGAON,2010,8,209
BEED,2010,8,277
KOLHAPUR,2010,8,39
PUNE,2010,8,90
NAGPUR,2011,8,88
PARBHANI,2011,8,182
AHMADNAGAR,2011,8,290
PUNE,2011,8,98
JALNA,2011,8,283
AMRAVATI,2011,8,202
SATARA,2011,8,71
WASHIM,2011,8,237
9999,2011,8,1
JALGAON,2011,8,232
BULDANA,2011,8,509
BEED,2011,8,271
HINGOLI,2010,8,139
SATARA,2010,8,77
CHANDRAPUR,2010,8,38
SOLAPUR,2010,8,133
NASIK,2010,8,295
SANGLI,2010,8,42
KOLHAPUR,2011,8,95
DHULE,2011,8,95
AKOLA,2011,8,183
OSMANABAD,2010,8,96
RATNAGIRI,2010,8,11
AURANGABAD,2011,8,330
YEVATMAL,2011,8,228
CHANDRAPUR,2011,8,51
NANDURBAR,2011,8,17
GONDIYA,2011,8,27
SANGLI,2011,8,79
LATUR,2011,8,87
MUMBAI,2011,8,5
WARDHA,2011,8,82
SOLAPUR,2011,8,105
NANDED,2011,8,217
YEVATMAL,2010,8,172
AKOLA,2010,8,76
NANDURBAR,2010,8,17
RATNAGIRI,2017,10,27
MUMBAI,2017,10,25
NAGPUR,2010,8,62
WARDHA,2010,8,84
GONDIYA,2010,8,13
null,2017,10,1
SINDHUDURG,2017,10,14
OSMANABAD,2011,8,82
BHANDARA,2011,8,26
RAIGARH,2011,3,8
RAIGARH,2010,8,12
RATNAGIRI,2011,8,1
SINDHUDURG,2010,8,4
9999,2010,8,2
SINDHUDURG,2011,8,6
THANE,2011,8,14
BHANDARA,2010,8,12
THANE,2010,8,12
PALGHAR,2018,1,9
NANDURBAR,2009,12,9
CHANDRAPUR,2009,12,11
PALGHAR,2017,10,13
NANDURBAR,2017,5,69
RATNAGIRI,2016,11,26
GONDIYA,2017,5,171
THANE,2017,5,91
GADCHIROLI,2017,5,70
PALGHAR,2016,3,10
MUMBAI,2017,5,32
SINDHUDURG,2017,5,31
RAIGARH,2009,6,15
SINDHUDURG,2019,1,26
PALGHAR,2016,10,3
PALGHAR,2019,1,15
MUMBAI,2011,7,5
SINDHUDURG,2011,7,2
RATNAGIRI,2011,7,4
PUNE,2012,9,137
YEVATMAL,2012,9,562
JALGAON,2012,9,555
AURANGABAD,2012,9,766
JALNA,2012,9,655
BEED,2012,9,534
BULDANA,2012,9,853
LATUR,2012,9,158
NASIK,2012,9,581
AHMADNAGAR,2012,9,526
WARDHA,2012,9,138
AKOLA,2012,9,281
OSMANABAD,2012,9,172
HINGOLI,2012,9,344
NANDED,2012,9,459
WASHIM,2012,9,256
PARBHANI,2012,9,439
SATARA,2012,9,80
NAGPUR,2012,9,156
AMRAVATI,2012,9,252
NAGPUR,2019,3,483
GADCHIROLI,2019,3,41
AKOLA,2016,12,1932
NANDED,2016,12,3420
WASHIM,2016,12,1755
DHULE,2019,3,220
JALGAON,2019,3,524
RAIGARH,2014,11,54
AKOLA,2014,11,1476
MUMBAI,2014,11,38
THANE,2014,11,153
SOLAPUR,2012,9,187
THANE,2019,3,32
MUMBAI,2012,9,9
CHANDRAPUR,2012,9,81
YEVATMAL,2016,12,1995
BEED,2016,12,3350
SANGLI,2016,12,1240
SOLAPUR,2016,12,5427
AHMADNAGAR,2016,12,5052
WARDHA,2016,12,638
JALNA,2016,12,3014
HINGOLI,2016,12,1667
NASIK,2016,12,2963
AURANGABAD,2016,12,2945
OSMANABAD,2016,12,2338
LATUR,2016,12,1916
THANE,2016,12,132
AMRAVATI,2016,12,1735
PUNE,2016,12,1838
KOLHAPUR,2016,12,705
JALGAON,2016,12,1851
0,2016,12,244
CHANDRAPUR,2016,12,585
NANDURBAR,2016,12,120
DHULE,2012,9,96
KOLHAPUR,2012,9,78
SANGLI,2012,9,64
SATARA,2016,12,975
BULDANA,2016,12,2828
PARBHANI,2016,12,2390
NAGPUR,2016,12,737
GONDIYA,2012,9,31
NANDURBAR,2012,9,37
BHANDARA,2012,9,46
THANE,2012,9,6
PALGHAR,2019,3,26
GONDIYA,2016,12,138
BHANDARA,2016,12,214
DHULE,2016,12,732
SINDHUDURG,2019,3,29
GADCHIROLI,2016,12,88
RATNAGIRI,2012,9,3
MUMBAI,2019,3,18
RAIGARH,2019,3,48
BHANDARA,2014,11,253
RAIGARH,2016,12,75
SINDHUDURG,2016,12,31
NANDURBAR,2014,11,137
NAGPUR,2014,11,770
JALGAON,2016,6,2481
YEVATMAL,2016,6,2595
HINGOLI,2016,6,1681
AHMADNAGAR,2016,6,3181
SANGLI,2016,6,916
AMRAVATI,2016,6,1629
NASIK,2016,6,2932
SOLAPUR,2016,6,2831
PUNE,2016,6,1203
DHULE,2016,6,815
AKOLA,2016,6,1816
GONDIYA,2016,6,175
BEED,2016,6,2297
AURANGABAD,2016,6,3361
BULDANA,2016,6,3488
OSMANABAD,2016,6,1419
PARBHANI,2016,6,2080
GONDIYA,2014,11,83
LATUR,2016,6,1242
NANDED,2016,6,2991
WASHIM,2016,6,1570
WARDHA,2016,6,855
JALNA,2016,6,2269
NAGPUR,2016,6,965
GADCHIROLI,2022,5,39
THANE,2022,6,30
RAIGARH,2020,3,28
GONDIYA,2022,6,74
THANE,2023,7,17
0,2020,3,9
SATARA,2011,9,19
CHANDRAPUR,2011,9,15
WARDHA,2011,9,22
RATNAGIRI,2023,7,8
MUMBAI,2020,3,14
BULDANA,2014,5,2218
JALNA,2014,5,1752
KOLHAPUR,2014,5,940
SOLAPUR,2014,5,3281
WASHIM,2014,5,1189
NANDED,2014,5,2225
AHMADNAGAR,2014,5,4321
NASIK,2014,5,3651
AURANGABAD,2014,5,2175
PUNE,2014,5,1903
HINGOLI,2014,5,1587
AKOLA,2014,5,1482
BEED,2014,5,2323
AMRAVATI,2014,5,1176
PARBHANI,2014,5,1678
SANGLI,2014,5,1379
YEVATMAL,2014,5,1441
LATUR,2014,5,1353
GONDIYA,2014,5,235
OSMANABAD,2014,5,1410
JALGAON,2014,5,1606
NAGPUR,2014,5,738
SATARA,2014,5,1094
NANDED,2018,8,5050
PARBHANI,2018,8,4255
AMRAVATI,2018,8,2536
NASIK,2018,8,2721
BULDANA,2018,8,5629
AURANGABAD,2018,8,3627
YEVATMAL,2018,8,3311
AHMADNAGAR,2018,8,3134
BEED,2018,8,3061
JALNA,2018,8,3601
NANDURBAR,2018,8,121
HINGOLI,2018,8,2472
JALGAON,2018,8,2606
SANGLI,2018,8,575
WASHIM,2018,8,3462
AKOLA,2018,8,2631
LATUR,2018,8,2102
PUNE,2018,8,869
WARDHA,2018,8,885
OSMANABAD,2018,8,1773
DHULE,2018,8,771
GADCHIROLI,2018,8,128
RATNAGIRI,2023,8,11
PALGHAR,2021,11,20
SOLAPUR,2018,8,3008
NAGPUR,2018,8,941
KOLHAPUR,2018,8,362
SATARA,2018,8,503
CHANDRAPUR,2018,8,774
RATNAGIRI,2018,8,25
BHANDARA,2018,8,259
GONDIYA,2018,8,146
RAIGARH,2018,8,15
CHANDRAPUR,2014,5,349
WARDHA,2014,5,476
DHULE,2014,5,703
MUMBAI,2014,5,98
BHANDARA,2014,5,383
RAIGARH,2014,5,81
9999,2014,5,284
GADCHIROLI,2014,5,69
THANE,2014,5,136
NANDURBAR,2014,5,164
THANE,2018,8,50
RATNAGIRI,2016,12,34
MUMBAI,2016,12,63
RATNAGIRI,2009,2,13
LATUR,2009,2,49
WASHIM,2009,2,45
GONDIYA,2009,2,13
HINGOLI,2009,2,14
AKOLA,2009,2,53
YEVATMAL,2011,4,45
AMRAVATI,2011,4,58
PARBHANI,2011,4,43
BEED,2011,4,99
AHMADNAGAR,2011,4,133
WASHIM,2011,4,45
AURANGABAD,2011,4,75
NANDED,2011,4,64
JALNA,2019,12,2260
WASHIM,2019,12,1977
NASIK,2019,12,3373
SOLAPUR,2019,12,3115
NAGPUR,2019,12,878
JALGAON,2019,12,1956
PUNE,2019,12,1443
BULDANA,2011,4,102
AKOLA,2011,4,65
WARDHA,2011,4,14
RATNAGIRI,2014,5,66
0,2014,5,6
MUMBAI,2021,11,23
0,2018,8,3
RAIGARH,2019,7,29
NANDURBAR,2011,11,23
PARBHANI,2011,11,74
SOLAPUR,2011,11,151
JALGAON,2011,11,158
AMRAVATI,2011,11,144
NASIK,2011,11,256
SATARA,2011,11,82
NAGPUR,2011,11,55
KOLHAPUR,2011,11,64
OSMANABAD,2011,11,86
NANDED,2011,11,156
DHULE,2011,11,65
LATUR,2011,11,78
HINGOLI,2011,11,70
BHANDARA,2011,11,39
SINDHUDURG,2011,11,15
RATNAGIRI,2019,7,17
SANGLI,2011,11,85
PUNE,2011,11,114
GONDIYA,2011,11,14
CHANDRAPUR,2011,11,49
BHANDARA,2011,9,6
LATUR,2011,9,36
AHMADNAGAR,2012,4,12
AMRAVATI,2012,4,3
JALNA,2012,4,5
NASIK,2012,4,5
JALGAON,2012,4,7
BEED,2012,4,9
LATUR,2012,4,6
BULDANA,2012,4,4
YEVATMAL,2012,4,7
0,2015,3,9
BHANDARA,2010,7,22
THANE,2022,5,21
PALGHAR,2022,5,7
MUMBAI,2018,8,13
9999,2018,11,3
WARDHA,2009,2,36
NANDURBAR,2009,2,12
PARBHANI,2019,12,1862
BULDANA,2019,12,3566
BEED,2019,12,2052
AMRAVATI,2019,12,1549
WARDHA,2019,12,602
AURANGABAD,2019,12,2702
SANGLI,2019,12,763
SATARA,2019,12,669
HINGOLI,2019,12,1443
KOLHAPUR,2019,12,463
AKOLA,2019,12,1524
NANDED,2019,12,2827
AHMADNAGAR,2019,12,3276
LATUR,2019,12,1358
CHANDRAPUR,2019,12,548
OSMANABAD,2019,12,1403
DHULE,2019,12,618
YEVATMAL,2019,12,3366
NANDURBAR,2019,12,145
RATNAGIRI,2019,12,52
BHANDARA,2019,12,288
GONDIYA,2019,12,138
GADCHIROLI,2019,12,99
RAIGARH,2022,5,3
SINDHUDURG,2010,7,3
BHANDARA,2009,2,28
OSMANABAD,2012,4,4
WASHIM,2012,4,6
PARBHANI,2012,4,5
AURANGABAD,2012,4,5
NAGPUR,2012,4,6
HINGOLI,2012,4,3
NANDED,2012,4,4
SOLAPUR,2012,4,6
KOLHAPUR,2009,7,220
AURANGABAD,2009,7,901
AMRAVATI,2009,7,485
WASHIM,2009,7,242
BEED,2009,7,401
PUNE,2009,7,256
AHMADNAGAR,2009,7,912
PARBHANI,2009,7,800
NANDED,2009,7,664
OSMANABAD,2009,7,375
SOLAPUR,2009,7,261
JALNA,2009,7,454
YEVATMAL,2009,7,374
BULDANA,2009,7,613
SATARA,2009,7,291
CHANDRAPUR,2009,7,75
DHULE,2010,2,76
OSMANABAD,2010,2,123
BEED,2010,2,237
YEVATMAL,2010,2,102
SOLAPUR,2010,2,126
NANDED,2010,2,214
NASIK,2010,2,250
PUNE,2010,2,152
AMRAVATI,2010,2,134
AKOLA,2010,2,73
LATUR,2010,2,99
WARDHA,2010,2,47
WARDHA,2009,7,105
HINGOLI,2009,7,120
SANGLI,2009,7,334
RAIGARH,2009,7,13
DHULE,2009,7,98
LATUR,2009,7,184
NASIK,2009,7,310
9999,2009,7,88
JALGAON,2009,7,446
CHANDRAPUR,2016,6,641
KOLHAPUR,2016,6,733
RATNAGIRI,2016,6,28
NANDURBAR,2016,6,99
0,2016,6,298
SINDHUDURG,2016,6,27
SATARA,2016,6,626
RAIGARH,2016,6,48
GADCHIROLI,2016,6,135
BHANDARA,2016,6,247
MUMBAI,2016,6,34
THANE,2016,6,63
SINDHUDURG,2018,8,6
SINDHUDURG,2014,5,95
PALGHAR,2018,8,4
GONDIYA,2011,9,9
MUMBAI,2019,7,29
SATARA,2010,2,83
HINGOLI,2010,2,77
GONDIYA,2010,2,29
PARBHANI,2010,2,162
KOLHAPUR,2010,2,60
BHANDARA,2010,2,32
NAGPUR,2009,7,123
AKOLA,2009,7,170
SINDHUDURG,2010,2,9
RATNAGIRI,2010,2,7
SANGLI,2010,2,71
NANDURBAR,2010,2,18
THANE,2010,2,21
DHULE,2011,2,31
NANDURBAR,2011,2,13
HINGOLI,2011,2,26
SOLAPUR,2011,2,43
AMRAVATI,2011,2,48
NAGPUR,2011,2,24
9999,2011,2,2
SANGLI,2011,2,14
LATUR,2011,2,17
RAIGARH,2011,2,5
THANE,2009,7,34
RATNAGIRI,2009,7,7
MUMBAI,2010,2,12
GONDIYA,2009,7,18
GONDIYA,2011,2,7
SINDHUDURG,2009,7,20
NANDURBAR,2009,7,34
GADCHIROLI,2009,7,16
BHANDARA,2009,7,31
PALGHAR,2016,6,4
JALGAON,2011,1,93
JALNA,2011,1,71
AMRAVATI,2011,1,78
LATUR,2011,1,55
AKOLA,2011,1,48
YEVATMAL,2011,1,67
AHMADNAGAR,2011,1,141
AURANGABAD,2011,1,121
BULDANA,2011,1,154
BEED,2011,1,118
SANGLI,2011,1,31
GONDIYA,2011,1,11
RATNAGIRI,2011,1,2
SOLAPUR,2011,1,72
NANDED,2011,1,60
WARDHA,2011,1,37
NAGPUR,2011,1,33
OSMANABAD,2011,1,41
SATARA,2011,1,41
PUNE,2011,1,73
NASIK,2011,1,154
PARBHANI,2011,1,74
WASHIM,2011,1,55
THANE,2011,1,11
9999,2011,1,1
THANE,2010,7,5
Mumbai Suburban,2014,5,26
CHANDRAPUR,2011,1,12
BHANDARA,2011,1,12
DHULE,2011,1,30
HINGOLI,2011,1,35
KOLHAPUR,2011,1,16
RAIGARH,2011,1,10
CHANDRAPUR,2009,2,11
MUMBAI,2010,7,8
PALGHAR,2016,12,16
RATNAGIRI,2011,2,5
WARDHA,2011,2,26
CHANDRAPUR,2010,2,17
AHMADNAGAR,2024,6,1110
SANGLI,2024,6,511
SATARA,2024,6,245
JALGAON,2024,6,992
SINDHUDURG,2024,6,26
RATNAGIRI,2024,6,9
RAIGARH,2024,6,14
THANE,2024,6,32
NASIK,2024,6,964
DHULE,2024,6,380
KOLHAPUR,2024,6,369
PUNE,2024,6,501
YEVATMAL,2024,6,2906
SOLAPUR,2024,5,493
AURANGABAD,2024,5,438
JALNA,2024,5,381
PUNE,2024,5,345
SANGLI,2024,5,311
KOLHAPUR,2024,5,354
SATARA,2024,5,166
BULDANA,2024,6,2046
LATUR,2024,6,846
WARDHA,2024,6,580
WASHIM,2024,6,1764
OSMANABAD,2024,6,526
NANDED,2024,6,2987
SOLAPUR,2024,6,1080
AURANGABAD,2024,6,1326
GONDIYA,2024,6,152
NAGPUR,2024,6,820
AKOLA,2024,6,1088
PARBHANI,2024,6,1114
BEED,2024,6,1058
JALNA,2024,6,969
NANDURBAR,2024,6,64
HINGOLI,2024,6,843
MUMBAI,2024,6,7
CHANDRAPUR,2024,6,802
PALGHAR,2024,6,15
GONDIYA,2012,8,13
SINDHUDURG,2012,8,9
MUMBAI,2012,8,4
SINDHUDURG,2023,9,8
BHANDARA,2024,6,230
GADCHIROLI,2024,6,127
NASIK,2019,10,2592
BULDANA,2019,10,3655
PARBHANI,2019,10,2610
WASHIM,2019,10,2761
JALNA,2019,10,2495
AHMADNAGAR,2019,10,2554
AKOLA,2019,10,1750
SANGLI,2019,10,659
HINGOLI,2019,10,1918
AMRAVATI,2019,10,1676
NAGPUR,2019,10,882
NANDED,2019,10,3980
OSMANABAD,2019,10,1351
DHULE,2019,10,432
NANDURBAR,2019,10,136
AURANGABAD,2019,10,2889
WARDHA,2019,10,679
JALGAON,2019,10,1393
SOLAPUR,2019,10,2930
KOLHAPUR,2019,10,305
SATARA,2019,10,439
LATUR,2019,10,1514
CHANDRAPUR,2019,10,677
PUNE,2019,10,833
YEVATMAL,2019,10,3046
THANE,2019,10,48
BEED,2019,10,1740
GONDIYA,2019,10,128
BHANDARA,2019,10,190
GADCHIROLI,2019,10,175
SINDHUDURG,2014,4,66
Mumbai Suburban,2014,4,30
AMRAVATI,2024,6,1191
WASHIM,2024,5,574
GONDIYA,2024,5,106
NAGPUR,2024,5,212
MUMBAI,2024,5,11
PALGHAR,2024,5,2
0,2019,9,10
LATUR,2015,4,1643
PALGHAR,2023,10,18
SINDHUDURG,2015,4,62
GONDIYA,2009,8,18
SANGLI,2009,8,176
SINDHUDURG,2009,8,34
AMRAVATI,2009,8,397
KOLHAPUR,2009,8,194
NAGPUR,2009,8,94
AKOLA,2009,8,150
THANE,2017,7,46
9999,2009,8,36
MUMBAI,2017,7,25
RAIGARH,2017,7,28
9999,2013,11,34
NANDED,2013,3,1794
AMRAVATI,2013,3,1669
PARBHANI,2013,3,1504
AKOLA,2013,3,1751
NASIK,2013,3,2569
YEVATMAL,2013,3,1525
LATUR,2013,3,1078
DHULE,2013,3,922
PUNE,2013,3,1651
HINGOLI,2013,3,1065
SOLAPUR,2013,3,2010
THANE,2013,3,208
BHANDARA,2013,3,770
SATARA,2013,3,1018
AHMADNAGAR,2013,3,1541
JALGAON,2013,3,1896
SINDHUDURG,2013,3,75
WASHIM,2013,3,1021
CHANDRAPUR,2013,3,559
GADCHIROLI,2013,3,184
OSMANABAD,2013,3,1113
WARDHA,2013,3,564
BULDANA,2013,3,958
NAGPUR,2013,3,826
JALNA,2013,3,1871
RAIGARH,2014,10,31
SANGLI,2013,3,987
RAIGARH,2013,3,40
KOLHAPUR,2013,3,1070
AURANGABAD,2013,3,769
BEED,2013,3,808
RATNAGIRI,2019,2,33
RATNAGIRI,2013,3,120
GONDIYA,2013,3,125
NANDURBAR,2013,3,271
MUMBAI,2013,3,52
MUMBAI,2023,4,4
0,2014,4,5
9999,2013,3,10
PALGHAR,2013,3,2
RAIGARH,2018,9,11
AKOLA,2015,9,2642
NANDED,2015,9,4571
WASHIM,2015,9,3259
BEED,2015,9,3386
HINGOLI,2015,9,3001
YEVATMAL,2015,9,3127
SOLAPUR,2015,9,4079
NAGPUR,2015,9,1184
AHMADNAGAR,2015,9,3672
PARBHANI,2015,9,3113
JALNA,2015,9,3571
GADCHIROLI,2015,9,155
BULDANA,2015,9,5100
OSMANABAD,2015,9,1950
NASIK,2015,9,3722
LATUR,2015,9,1537
DHULE,2015,9,1260
WARDHA,2015,9,1063
AMRAVATI,2015,9,2340
SANGLI,2015,9,992
NANDURBAR,2015,9,246
AURANGABAD,2015,9,4126
KOLHAPUR,2015,9,560
BHANDARA,2015,9,361
PUNE,2015,9,1245
THANE,2015,9,72
JALGAON,2015,9,3043
SATARA,2015,9,722
CHANDRAPUR,2015,9,779
Mumbai Suburban,2018,9,1
AURANGABAD,2019,4,2057
YEVATMAL,2019,4,1453
DHULE,2019,4,232
BULDANA,2019,4,876
BEED,2019,4,668
JALNA,2019,4,636
SATARA,2019,4,330
HINGOLI,2019,4,905
NANDED,2019,4,1612
KOLHAPUR,2019,4,454
SOLAPUR,2019,4,1265
AKOLA,2019,4,576
NAGPUR,2019,4,345
PARBHANI,2019,4,1182
NASIK,2019,4,987
LATUR,2019,4,589
AHMADNAGAR,2019,4,1043
WASHIM,2019,4,915
AMRAVATI,2019,4,497
OSMANABAD,2019,4,493
SANGLI,2019,4,418
JALGAON,2019,4,541
SOLAPUR,2011,12,201
NAGPUR,2011,12,83
PUNE,2011,12,140
AKOLA,2011,12,115
AHMADNAGAR,2011,12,293
YEVATMAL,2011,12,163
PARBHANI,2011,12,128
WASHIM,2011,12,112
DHULE,2011,12,59
JALNA,2011,12,115
NASIK,2011,12,246
BEED,2011,12,169
BULDANA,2011,12,236
WARDHA,2011,12,57
AURANGABAD,2011,12,170
KOLHAPUR,2011,12,53
PUNE,2019,4,778
WARDHA,2019,4,203
JALGAON,2011,12,162
NANDED,2011,12,148
OSMANABAD,2011,12,85
AMRAVATI,2011,12,117
GONDIYA,2015,9,158
RAIGARH,2015,9,29
SATARA,2011,12,83
THANE,2011,12,10
LATUR,2011,12,86
PALGHAR,2019,4,11
CHANDRAPUR,2011,12,39
NANDURBAR,2019,4,32
SANGLI,2011,12,66
NANDURBAR,2011,12,18
HINGOLI,2011,12,76
9999,2013,8,16
BHANDARA,2019,4,119
RAIGARH,2019,4,40
THANE,2019,4,40
NANDURBAR,2013,8,66
RATNAGIRI,2019,4,39
MUMBAI,2015,9,22
SINDHUDURG,2013,8,27
RAIGARH,2013,8,27
null,2015,9,3
MUMBAI,2013,8,12
RATNAGIRI,2013,8,31
GONDIYA,2019,4,81
GADCHIROLI,2019,4,35
MUMBAI,2019,4,32
Mumbai Suburban,2015,9,2
CHANDRAPUR,2019,4,173
0,2019,4,11
MUMBAI,2019,10,26
RATNAGIRI,2019,10,19
PALGHAR,2019,10,29
0,2019,10,12
RAIGARH,2019,10,13
SINDHUDURG,2019,10,20
NASIK,2009,5,254
AMRAVATI,2009,5,484
KOLHAPUR,2009,5,223
AHMADNAGAR,2009,5,958
JALGAON,2009,5,200
PUNE,2009,5,267
RAIGARH,2009,5,19
PARBHANI,2009,5,126
AURANGABAD,2009,5,263
AKOLA,2009,5,117
SOLAPUR,2009,5,230
OSMANABAD,2009,5,134
BULDANA,2009,5,153
9999,2009,5,225
SATARA,2009,5,208
SANGLI,2009,5,273
THANE,2009,5,39
DHULE,2009,5,99
BEED,2009,5,244
BHANDARA,2009,5,67
YEVATMAL,2009,5,86
LATUR,2009,5,45
CHANDRAPUR,2009,5,18
SINDHUDURG,2019,4,26
NANDURBAR,2009,5,21
NANDED,2009,5,97
SINDHUDURG,2009,5,15
CHANDRAPUR,2015,4,377
GADCHIROLI,2015,4,106
MUMBAI,2015,4,52
THANE,2015,4,178
RAIGARH,2015,4,88
NANDURBAR,2015,4,176
WARDHA,2009,5,35
GONDIYA,2009,5,45
JALNA,2009,5,98
NAGPUR,2009,5,126
WASHIM,2009,5,83
RATNAGIRI,2015,4,69
Mumbai Suburban,2015,4,4
HINGOLI,2009,5,26
BHANDARA,2011,12,34
RAIGARH,2013,11,33
Mumbai Suburban,2021,1,4
0,2020,1,3
SINDHUDURG,2024,5,11
JALGAON,2024,5,346
THANE,2024,5,23
RAIGARH,2024,5,9
RATNAGIRI,2024,5,5
AMRAVATI,2024,5,455
YEVATMAL,2024,5,772
BULDANA,2024,5,646
AKOLA,2024,5,336
LATUR,2024,5,503
HINGOLI,2024,5,362
NANDURBAR,2024,5,43
GADCHIROLI,2024,5,37
WARDHA,2024,5,135
BHANDARA,2024,5,177
CHANDRAPUR,2024,5,182
RATNAGIRI,2015,9,16
SINDHUDURG,2015,9,27
RAIGARH,2023,10,12
NASIK,2011,6,198
YEVATMAL,2011,6,158
SOLAPUR,2011,6,120
GONDIYA,2011,6,19
AKOLA,2011,6,109
AHMADNAGAR,2011,6,230
HINGOLI,2011,6,76
RAIGARH,2019,9,24
RATNAGIRI,2019,9,27
JALNA,2016,1,2594
LATUR,2016,1,1665
HINGOLI,2016,1,1814
AKOLA,2016,1,2564
NASIK,2016,1,3580
BULDANA,2016,1,3595
AHMADNAGAR,2016,1,5191
AMRAVATI,2016,1,2015
PUNE,2016,1,2302
JALGAON,2016,1,2244
BEED,2016,1,2970
SOLAPUR,2016,1,4577
WASHIM,2016,1,1677
DHULE,2016,1,1420
SATARA,2016,1,1354
SANGLI,2016,1,1277
AURANGABAD,2016,1,3426
YEVATMAL,2016,1,2253
PARBHANI,2016,1,2472
BHANDARA,2016,1,375
KOLHAPUR,2016,1,891
NAGPUR,2016,1,997
WASHIM,2011,6,108
NANDED,2011,6,174
SATARA,2011,6,73
JALGAON,2011,6,186
PARBHANI,2011,6,132
SANGLI,2011,6,97
OSMANABAD,2011,6,46
BEED,2011,6,196
BHANDARA,2011,6,20
AMRAVATI,2011,6,143
BULDANA,2011,6,278
JALNA,2011,6,169
PUNE,2011,6,137
LATUR,2011,6,55
NAGPUR,2011,6,94
WARDHA,2011,6,78
0,2016,1,443
GONDIYA,2016,1,244
NANDED,2016,1,2789
OSMANABAD,2016,1,1875
GONDIYA,2011,12,23
GADCHIROLI,2011,12,8
MUMBAI,2023,10,8
GADCHIROLI,2022,8,46
GADCHIROLI,2014,11,96
Mumbai Suburban,2014,11,4
RATNAGIRI,2014,11,45
SINDHUDURG,2022,6,13
SINDHUDURG,2018,6,19
NANDED,2009,1,34
LATUR,2009,1,42
THANE,2009,1,16
9999,2009,1,33
GADCHIROLI,2009,1,5
WASHIM,2009,1,26
PARBHANI,2009,1,24
WARDHA,2009,1,38
BHANDARA,2009,1,22
HINGOLI,2009,1,7
RATNAGIRI,2010,4,18
GADCHIROLI,2010,4,6
SINDHUDURG,2010,4,9
GONDIYA,2009,1,6
RATNAGIRI,2009,1,5
SINDHUDURG,2022,8,15
RAIGARH,2012,9,4
NANDURBAR,2022,8,53
RATNAGIRI,2022,8,7
MUMBAI,2022,8,11
0,2019,3,8
null,2019,3,2
RATNAGIRI,2022,6,18
0,2021,4,1
0,2019,7,17
RAIGARH,2022,6,9
PALGHAR,2017,9,12
NANDURBAR,2010,10,18
MUMBAI,2010,10,1
0,2022,12,1
0,2021,11,2
JALNA,2011,4,73
NAGPUR,2011,4,26
WASHIM,2011,11,72
RATNAGIRI,2011,11,5
MUMBAI,2014,8,9
0,2014,8,1
GADCHIROLI,2011,11,13
RAIGARH,2011,11,5
MUMBAI,2011,11,8
THANE,2011,11,6
HINGOLI,2011,4,32
NASIK,2011,4,108
RAIGARH,2019,12,58
THANE,2019,12,78
PUNE,2011,4,59
JALGAON,2011,4,68
CHANDRAPUR,2011,4,21
DHULE,2011,4,27
SATARA,2011,4,28
OSMANABAD,2011,4,31
LATUR,2011,4,38
KOLHAPUR,2011,4,24
GONDIYA,2011,4,15
SANGLI,2011,4,31
PALGHAR,2019,12,22
SINDHUDURG,2019,12,60
MUMBAI,2019,12,52
SOLAPUR,2011,4,61
RAIGARH,2011,4,5
0,2019,12,22
SINDHUDURG,2014,11,37
RAIGARH,2022,8,8
GONDIYA,2010,10,12
SINDHUDURG,2011,4,3
0,2013,7,2
BHANDARA,2011,4,13
SANGLI,2024,9,581
JALGAON,2024,9,921
AHMADNAGAR,2024,9,1238
SATARA,2024,9,463
PUNE,2024,9,611
JALNA,2024,9,1000
KOLHAPUR,2024,9,340
SOLAPUR,2024,9,1299
SOLAPUR,2024,7,1453
SATARA,2024,7,462
SANGLI,2024,7,609
PUNE,2024,7,647
SINDHUDURG,2024,7,89
JALGAON,2024,7,947
DHULE,2024,7,410
THANE,2024,7,39
RATNAGIRI,2024,7,42
Mumbai Suburban,2024,7,2
RAIGARH,2024,7,48
GONDIYA,2024,7,190
WASHIM,2024,7,1264
NASIK,2024,7,1286
KOLHAPUR,2024,7,365
WASHIM,2015,10,2131
BULDANA,2015,10,3715
SANGLI,2015,10,1052
WARDHA,2015,10,769
OSMANABAD,2015,10,1942
HINGOLI,2015,10,1708
YEVATMAL,2015,10,1883
AMRAVATI,2015,10,1463
AKOLA,2015,10,1815
AURANGABAD,2015,10,2403
NANDED,2015,10,2560
PUNE,2015,10,1337
SATARA,2015,10,741
JALNA,2015,10,1896
BEED,2015,10,2182
PARBHANI,2015,10,2131
NASIK,2015,10,3437
JALGAON,2015,10,1878
LATUR,2015,10,1611
SOLAPUR,2015,10,3779
AHMADNAGAR,2015,10,3429
NAGPUR,2015,10,767
DHULE,2015,10,912
GONDIYA,2015,10,156
NANDURBAR,2015,10,123
GADCHIROLI,2015,10,106
BHANDARA,2015,10,333
KOLHAPUR,2015,10,548
RAIGARH,2015,10,39
SINDHUDURG,2015,10,27
THANE,2015,10,81
CHANDRAPUR,2015,10,476
GONDIYA,2018,2,135
0,2015,10,2
AHMADNAGAR,2009,11,481
SOLAPUR,2009,11,151
HINGOLI,2009,11,83
SANGLI,2009,11,129
AMRAVATI,2009,11,118
NAGPUR,2009,11,75
AURANGABAD,2009,11,325
OSMANABAD,2009,11,133
GONDIYA,2009,11,14
BULDANA,2009,11,202
BEED,2009,11,199
BHANDARA,2009,11,14
LATUR,2009,11,139
JALGAON,2009,11,127
JALNA,2009,11,130
NANDED,2009,11,214
PUNE,2009,11,92
YEVATMAL,2009,11,72
WASHIM,2009,11,156
NANDURBAR,2009,11,13
PARBHANI,2009,11,218
0,2018,2,58
NASIK,2009,11,153
null,2015,10,1
MUMBAI,2013,5,94
BHANDARA,2013,5,321
THANE,2013,5,183
RATNAGIRI,2013,5,92
NANDURBAR,2013,5,178
WARDHA,2016,1,832
NANDURBAR,2016,1,193
CHANDRAPUR,2016,1,609
RATNAGIRI,2016,1,72
RAIGARH,2013,5,123
SINDHUDURG,2016,1,75
RAIGARH,2016,1,89
MUMBAI,2016,1,74
THANE,2016,1,262
SINDHUDURG,2013,5,69
AKOLA,2009,11,57
SATARA,2009,11,73
KOLHAPUR,2009,11,50
RATNAGIRI,2015,10,17
DHULE,2009,11,49
THANE,2009,11,8
WARDHA,2009,11,28
MUMBAI,2015,10,27
SINDHUDURG,2009,11,7
RAIGARH,2009,11,7
BEED,2024,9,1043
NASIK,2024,9,1169
Mumbai Suburban,2024,9,3
THANE,2024,9,64
RAIGARH,2024,9,48
RATNAGIRI,2024,9,88
DHULE,2024,9,478
SINDHUDURG,2024,9,61
OSMANABAD,2024,10,688
BEED,2024,10,1032
NANDED,2024,10,1917
LATUR,2024,10,942
AMRAVATI,2024,10,880
BULDANA,2024,10,1894
BHANDARA,2024,10,200
WARDHA,2024,10,436
AURANGABAD,2024,9,1327
BULDANA,2024,9,1602
AMRAVATI,2024,9,833
WARDHA,2024,9,374
HINGOLI,2024,9,731
NANDURBAR,2024,9,48
BHANDARA,2024,9,121
CHANDRAPUR,2024,9,371
NAGPUR,2024,9,591
WASHIM,2024,9,1152
MUMBAI,2024,9,37
GONDIYA,2024,9,143
PALGHAR,2024,9,36
GADCHIROLI,2024,9,72
YEVATMAL,2024,9,2063
PARBHANI,2024,9,1084
AKOLA,2024,9,863
NANDED,2024,9,1927
LATUR,2024,9,788
OSMANABAD,2024,9,640
PARBHANI,2024,10,1095
AURANGABAD,2024,10,1135
JALNA,2024,10,1035
WARDHA,2024,11,232
BULDANA,2024,11,793
GADCHIROLI,2024,11,30
WASHIM,2024,11,634
HINGOLI,2024,11,345
NANDURBAR,2024,11,80
PALGHAR,2024,11,14
MUMBAI,2024,11,27
JALNA,2024,11,575
LATUR,2024,11,455
OSMANABAD,2024,11,345
SANGLI,2024,11,302
KOLHAPUR,2024,11,278
SOLAPUR,2024,11,919
PUNE,2024,11,445
SATARA,2024,11,267
AURANGABAD,2024,11,567
BEED,2024,11,676
PARBHANI,2024,11,428
AHMADNAGAR,2024,12,1058
KOLHAPUR,2024,12,234
DHULE,2024,12,419
JALGAON,2024,12,705
SATARA,2024,12,317
BULDANA,2025,1,745
AMRAVATI,2025,1,335
AKOLA,2025,1,442
NANDED,2025,1,661
PARBHANI,2025,1,412
OSMANABAD,2025,1,275
NAGPUR,2025,1,258
DHULE,2025,1,345
JALGAON,2025,1,602
NASIK,2025,1,651
THANE,2025,1,72
SINDHUDURG,2025,1,48
Mumbai Suburban,2025,1,5
RATNAGIRI,2025,1,40
RAIGARH,2025,1,53
AHMADNAGAR,2025,1,835
BEED,2025,1,593
PUNE,2025,1,465
GONDIYA,2025,1,74
WASHIM,2025,1,585
BHANDARA,2025,1,69
HINGOLI,2025,1,271
NANDURBAR,2025,1,59
MUMBAI,2025,1,49
CHANDRAPUR,2025,1,123
GADCHIROLI,2025,1,53
PALGHAR,2025,1,22
CHANDRAPUR,2024,12,225
AMRAVATI,2024,12,600
AURANGABAD,2024,12,810
WARDHA,2024,12,307
YEVATMAL,2024,12,1076
BEED,2024,12,795
AURANGABAD,2025,1,614
KOLHAPUR,2025,1,215
SOLAPUR,2025,1,677
SANGLI,2025,1,342
LATUR,2025,1,364
SATARA,2025,1,284
YEVATMAL,2025,1,666
WARDHA,2025,1,214
NANDED,2024,12,1112
PUNE,2024,12,529
JALNA,2024,12,819
RATNAGIRI,2024,12,29
AKOLA,2024,12,693
BHANDARA,2024,12,132
MUMBAI,2024,12,32
WASHIM,2024,12,894
GONDIYA,2024,12,72
NAGPUR,2024,12,365
GADCHIROLI,2024,12,52
HINGOLI,2024,12,437
PALGHAR,2024,12,22
BULDANA,2024,12,1085
NASIK,2024,12,818
THANE,2024,12,55
RAIGARH,2024,12,19
SOLAPUR,2024,12,1020
SANGLI,2024,12,411
SINDHUDURG,2024,12,27
PARBHANI,2024,12,678
OSMANABAD,2024,12,516
LATUR,2024,12,638
YEVATMAL,2024,11,827
WASHIM,2024,8,1373
MUMBAI,2024,8,46
PALGHAR,2024,8,43
GONDIYA,2024,8,219
NANDURBAR,2024,8,112
AURANGABAD,2024,8,2074
JALGAON,2024,8,1283
PUNE,2024,8,815
NASIK,2024,8,1442
SATARA,2024,8,721
KOLHAPUR,2024,8,543
AMRAVATI,2024,11,485
JALNA,2024,8,1464
SOLAPUR,2024,8,1814
NASIK,2024,11,498
DHULE,2024,11,327
NASIK,2024,10,1242
DHULE,2024,10,523
AHMADNAGAR,2024,10,1281
JALGAON,2024,11,431
RATNAGIRI,2024,11,38
NANDED,2024,11,817
AKOLA,2024,11,559
RAIGARH,2024,11,26
SINDHUDURG,2024,11,27
AHMADNAGAR,2024,11,777
THANE,2024,11,26
BEED,2024,8,1688
OSMANABAD,2024,8,639
LATUR,2024,8,1031
NANDED,2024,8,2588
PARBHANI,2024,8,1483
NAGPUR,2024,8,692
YEVATMAL,2024,8,2178
CHANDRAPUR,2024,8,446
AKOLA,2024,8,1261
AMRAVATI,2024,8,1045
JALGAON,2024,10,912
PUNE,2024,10,763
SANGLI,2024,10,577
SATARA,2024,10,495
SINDHUDURG,2024,10,68
NAGPUR,2024,11,206
KOLHAPUR,2024,10,468
SOLAPUR,2024,10,1419
THANE,2024,10,99
RAIGARH,2024,10,54
RATNAGIRI,2024,10,98
Mumbai Suburban,2024,10,2
YEVATMAL,2024,10,2079
CHANDRAPUR,2024,10,506
GADCHIROLI,2024,10,150
NAGPUR,2024,10,676
WASHIM,2024,10,1561
HINGOLI,2024,10,807
NANDURBAR,2024,10,114
BHANDARA,2024,11,96
CHANDRAPUR,2024,11,120
GONDIYA,2024,11,53
SANGLI,2024,8,790
DHULE,2024,8,544
BHANDARA,2024,8,205
BULDANA,2024,8,2025
RAIGARH,2024,8,94
SINDHUDURG,2024,8,122
AHMADNAGAR,2024,8,1689
RATNAGIRI,2024,8,126
THANE,2024,8,97
Mumbai Suburban,2024,8,9
HINGOLI,2024,8,893
AKOLA,2024,7,1041
BEED,2024,7,1361
BULDANA,2024,7,1749
AMRAVATI,2024,7,1107
WARDHA,2024,7,348
BHANDARA,2025,2,126
HINGOLI,2025,2,305
CHANDRAPUR,2025,2,168
JALNA,2025,2,688
PARBHANI,2025,2,500
AKOLA,2025,2,433
BULDANA,2025,2,806
GADCHIROLI,2025,2,63
MUMBAI,2025,2,71
GONDIYA,2025,2,154
SOLAPUR,2025,2,972
NANDURBAR,2025,2,118
NASIK,2025,2,638
SATARA,2025,2,502
AHMADNAGAR,2025,2,1038
NANDED,2025,2,696
LATUR,2025,2,423
PUNE,2025,2,645
JALGAON,2025,2,654
SINDHUDURG,2025,2,98
BEED,2025,2,589
AURANGABAD,2025,2,828
RATNAGIRI,2025,2,131
THANE,2025,2,77
DHULE,2025,2,309
RAIGARH,2025,2,90
OSMANABAD,2025,2,392
NANDED,2024,7,2400
AURANGABAD,2024,7,1856
OSMANABAD,2024,7,684
PARBHANI,2024,7,1159
JALNA,2024,7,1321
LATUR,2024,7,1060
AHMADNAGAR,2024,7,1541
YEVATMAL,2024,7,1987
NAGPUR,2024,7,582
BHANDARA,2024,7,296
HINGOLI,2024,7,846
GADCHIROLI,2024,7,103
CHANDRAPUR,2024,7,471
NANDURBAR,2024,7,60
PALGHAR,2024,7,14
MUMBAI,2024,7,25
AKOLA,2024,10,929
PALGHAR,2024,10,63
MUMBAI,2024,10,45
GONDIYA,2024,10,194
NANDURBAR,2009,8,45
CHANDRAPUR,2009,8,47
BHANDARA,2009,8,34
THANE,2009,8,16
RATNAGIRI,2009,8,12
GADCHIROLI,2013,5,114
9999,2013,5,28
GADCHIROLI,2016,1,70
NANDURBAR,2018,2,54
CHANDRAPUR,2009,11,11
PALGHAR,2017,7,9
RATNAGIRI,2018,2,26
THANE,2018,2,54
SINDHUDURG,2018,2,22
MUMBAI,2018,2,15
PALGHAR,2015,10,3
0,2014,2,6
RAIGARH,2018,2,22
AURANGABAD,2011,6,192
KOLHAPUR,2011,6,72
CHANDRAPUR,2011,6,26
DHULE,2011,6,56
NANDURBAR,2011,6,13
SINDHUDURG,2011,6,6
RATNAGIRI,2011,6,6
THANE,2011,6,9
MUMBAI,2011,6,8
0,2015,9,5
0,2013,11,4
GADCHIROLI,2009,8,4
BULDANA,2012,3,7
OSMANABAD,2012,3,4
JALGAON,2012,3,3
SATARA,2012,3,3
SOLAPUR,2012,3,8
CHANDRAPUR,2012,3,2
PARBHANI,2012,3,7
AURANGABAD,2012,3,9
AHMADNAGAR,2012,3,13
LATUR,2012,3,5
AKOLA,2012,3,1
YEVATMAL,2012,3,7
AMRAVATI,2012,3,4
NASIK,2012,3,7
WASHIM,2012,3,3
GONDIYA,2012,3,3
JALNA,2012,3,6
PALGHAR,2018,2,2
0,2015,4,5
SANGLI,2025,2,503
WARDHA,2024,8,478
GADCHIROLI,2024,8,91
NAGPUR,2025,2,381
KOLHAPUR,2025,2,403
PALGHAR,2025,2,38
AMRAVATI,2025,2,445
YEVATMAL,2025,2,731
WASHIM,2025,2,462
WARDHA,2025,2,205
NANDURBAR,2024,12,91
JALNA,2025,1,547
NANDED,2025,3,741
AHMADNAGAR,2025,3,1062
DHULE,2025,3,260
SINDHUDURG,2025,3,111
NASIK,2025,3,639
RAIGARH,2025,3,98
THANE,2025,3,67
Mumbai Suburban,2025,3,3
YEVATMAL,2025,3,891
WARDHA,2025,3,192
CHANDRAPUR,2025,3,146
OSMANABAD,2025,3,369
LATUR,2025,3,590
NANDURBAR,2025,3,128
GONDIYA,2025,3,164
PALGHAR,2025,3,31
MUMBAI,2025,3,33
SATARA,2025,3,482
SOLAPUR,2025,3,1125
PARBHANI,2025,3,441
HINGOLI,2025,3,394
GADCHIROLI,2025,3,68
KOLHAPUR,2025,3,394
RATNAGIRI,2025,3,119
PUNE,2025,3,645
JALGAON,2025,3,671
JALNA,2025,3,653
SANGLI,2025,3,499
AURANGABAD,2025,3,629
WASHIM,2025,3,638
BHANDARA,2025,3,114
BEED,2025,3,632
NAGPUR,2025,3,294
AMRAVATI,2025,3,493
AKOLA,2025,3,485
BULDANA,2025,3,845
WARDHA,2025,4,186
NAGPUR,2025,4,198
BHANDARA,2025,4,124
YEVATMAL,2025,4,683
AHMADNAGAR,2025,4,831
JALGAON,2025,4,379
AMRAVATI,2025,4,375
KOLHAPUR,2025,4,242
SOLAPUR,2025,4,553
SANGLI,2025,4,436
BULDANA,2025,4,930
AKOLA,2025,4,471
OSMANABAD,2025,4,296
NANDED,2025,4,675
LATUR,2025,4,600
NANDURBAR,2025,4,47
CHANDRAPUR,2025,4,159
HINGOLI,2025,4,290
MUMBAI,2025,4,21
GONDIYA,2025,4,198
WASHIM,2025,4,607
GADCHIROLI,2025,4,54
PALGHAR,2025,4,41
JALNA,2025,4,491
BEED,2025,4,464
PARBHANI,2025,4,462
SATARA,2025,4,315
NASIK,2025,4,596
DHULE,2025,4,334
AURANGABAD,2025,4,501
PUNE,2025,4,632
RATNAGIRI,2025,4,65
SINDHUDURG,2025,4,45
THANE,2025,4,37
RAIGARH,2025,4,30
NASIK,2025,5,711
THANE,2025,5,46
SINDHUDURG,2025,5,33
RAIGARH,2025,5,37
DHULE,2025,5,363
RATNAGIRI,2025,5,56
Mumbai Suburban,2025,5,9
SANGLI,2025,5,487
AHMADNAGAR,2025,5,860
JALGAON,2025,5,542
SATARA,2025,5,316
SOLAPUR,2025,5,781
KOLHAPUR,2025,5,342
BEED,2025,5,634
JALNA,2025,5,490
PARBHANI,2025,5,598
AURANGABAD,2025,5,717
PUNE,2025,5,682
NANDED,2025,5,904
PALGHAR,2025,5,40
GONDIYA,2025,5,152
AMRAVATI,2025,5,422
HINGOLI,2025,5,367
MUMBAI,2025,5,23
YEVATMAL,2025,5,960
CHANDRAPUR,2025,5,216
BHANDARA,2025,5,196
BULDANA,2025,5,945
LATUR,2025,5,489
OSMANABAD,2025,5,321
AKOLA,2025,5,539
WARDHA,2025,5,254
GADCHIROLI,2025,5,72
WASHIM,2025,5,786
NANDURBAR,2025,5,82
NAGPUR,2025,5,332
LATUR,2025,6,1025
BULDANA,2025,6,2324
OSMANABAD,2025,7,731
BEED,2025,7,1294
AKOLA,2025,6,968
NANDED,2025,6,2807
PARBHANI,2025,7,1369
NANDED,2025,7,2328
PARBHANI,2025,6,1364
SOLAPUR,2025,7,1454
AURANGABAD,2025,7,1231
JALNA,2025,7,1200
OSMANABAD,2025,6,562
BEED,2025,6,1197
YEVATMAL,2025,6,2972
WARDHA,2025,7,423
NAGPUR,2025,7,618
CHANDRAPUR,2025,6,834
BHANDARA,2025,7,285
WARDHA,2025,6,670
BULDANA,2025,7,1961
AKOLA,2025,7,1062
AMRAVATI,2025,6,1255
LATUR,2025,7,963
NAGPUR,2025,6,972
BHANDARA,2025,6,301
HINGOLI,2025,6,788
AMRAVATI,2025,7,1059
CHANDRAPUR,2025,7,477
GADCHIROLI,2025,6,119
YEVATMAL,2025,7,1967
AHMADNAGAR,2025,6,1397
PUNE,2025,6,730
NASIK,2025,7,1045
JALGAON,2025,6,1018
DHULE,2025,6,385
AURANGABAD,2025,6,1108
JALNA,2025,6,1003
KOLHAPUR,2025,6,357
JALGAON,2025,7,961
SOLAPUR,2025,6,1381
PUNE,2025,7,570
AHMADNAGAR,2025,7,1538
SATARA,2025,7,423
NASIK,2025,6,897
SANGLI,2025,7,606
SINDHUDURG,2025,7,78
SATARA,2025,6,379
DHULE,2025,7,398
KOLHAPUR,2025,7,362
HINGOLI,2025,7,825
GADCHIROLI,2025,7,99
GONDIYA,2025,6,236
MUMBAI,2025,6,26
WASHIM,2025,7,1486
NANDURBAR,2025,7,123
WASHIM,2025,6,2199
PALGHAR,2025,6,40
GONDIYA,2025,7,203
PALGHAR,2025,7,40
NANDURBAR,2025,6,106
MUMBAI,2025,7,34
RATNAGIRI,2025,6,105
SANGLI,2025,6,692
THANE,2025,6,55
RATNAGIRI,2025,7,83
THANE,2025,7,50
SINDHUDURG,2025,6,73
RAIGARH,2025,6,66
RAIGARH,2025,7,55
Mumbai Suburban,2025,7,10
9999,2019,3,2
Mumbai Suburban,2016,12,1
GADCHIROLI,2011,10,6
MUMBAI,2022,6,8
RAIGARH,2009,1,7
PALGHAR,2022,8,3
SINDHUDURG,2011,1,3
MUMBAI,2022,11,6
GONDIYA,2011,10,7
Mumbai Suburban,2018,5,2
SINDHUDURG,2012,10,8
MUMBAI,2023,8,4
RATNAGIRI,2020,6,2
GADCHIROLI,2020,6,4
GONDIYA,2020,6,5
PALGHAR,2020,6,2
9999,2020,2,3
MUMBAI,2012,6,17
PALGHAR,2023,7,9
PALGHAR,2021,4,7
SINDHUDURG,2023,7,4
0,2023,7,3
PALGHAR,2011,11,1
MUMBAI,2023,11,7
PALGHAR,2013,6,2
RATNAGIRI,2021,8,8
Mumbai Suburban,2015,12,3
PALGHAR,2015,12,3
PALGHAR,2017,11,5
Mumbai Suburban,2019,8,2
MUMBAI,2023,5,4
9999,2011,5,1
THANE,2010,11,4
0,2021,3,5
Mumbai Suburban,2018,7,4
GONDIYA,2011,3,6
LATUR,2011,3,28
NANDURBAR,2011,3,7
RATNAGIRI,2010,11,1
GADCHIROLI,2011,8,9
GADCHIROLI,2011,3,4
GADCHIROLI,2010,3,4
GADCHIROLI,2010,8,6
GADCHIROLI,2010,10,5
THANE,2010,10,9
RATNAGIRI,2010,7,5
RAIGARH,2010,7,4
THANE,2012,8,6
GADCHIROLI,2012,8,5
0,2014,10,2
PALGHAR,2012,11,1
Mumbai Suburban,2019,2,4
9999,2012,8,2
PALGHAR,2018,9,8
PALGHAR,2014,4,4
9999,2012,11,5
Mumbai Suburban,2019,11,7
NAGPUR,2021,6,14
RAIGARH,2012,5,3
0,2020,9,3
Mumbai Suburban,2020,9,2
0,2014,6,1
Mumbai Suburban,2015,1,4
PALGHAR,2016,9,6
PALGHAR,2014,6,1
9999,2012,6,1
Mumbai Suburban,2014,7,3
THANE,2011,4,7
MUMBAI,2011,4,6
0,2012,12,1
9999,2019,6,2
GADCHIROLI,2012,10,11
null,2014,8,1
PALGHAR,2015,3,4
PALGHAR,2014,8,1
RATNAGIRI,2018,11,9
AKOLA,2012,4,4
PUNE,2012,4,8
RAIGARH,2012,10,8
KOLHAPUR,2012,4,4
RATNAGIRI,2012,4,1
PALGHAR,2024,1,3
SANGLI,2012,3,2
KOLHAPUR,2012,3,2
RAIGARH,2022,9,15
GADCHIROLI,2009,5,6
PALGHAR,2015,4,6
null,2019,9,2
GADCHIROLI,2012,2,3
SINDHUDURG,2012,2,5
RATNAGIRI,2011,12,7
PALGHAR,2023,9,5
Mumbai Suburban,2023,2,1
0,2024,5,2
0,2018,4,4
GADCHIROLI,2010,6,4
BHANDARA,2010,6,26
PALGHAR,2013,10,1
AKOLA,2020,7,2
GADCHIROLI,2010,12,5
Mumbai Suburban,2018,10,1
KOLHAPUR,2010,12,14
THANE,2010,6,10
9999,2011,7,1
RAIGARH,2010,12,4
MUMBAI,2010,12,1
9999,2010,12,3
Mumbai Suburban,2018,4,2
NAGPUR,2012,3,3
PUNE,2012,3,3
BHANDARA,2012,3,2
BEED,2012,3,4
DHULE,2012,3,2
Mumbai Suburban,2015,5,2
RATNAGIRI,2011,10,2
Mumbai Suburban,2017,8,1
Mumbai Suburban,2019,12,4
null,2017,9,2
SINDHUDURG,2010,9,1
SINDHUDURG,2012,1,8
PALGHAR,2015,6,3
GADCHIROLI,2011,2,3
BHANDARA,2011,2,12
GADCHIROLI,2010,2,4
Mumbai Suburban,2016,5,2
MUMBAI,2011,2,2
THANE,2011,2,7
MUMBAI,2009,12,9
RATNAGIRI,2009,6,3
RAIGARH,2009,12,4
THANE,2009,12,5
SINDHUDURG,2009,12,5
null,2015,7,4
PALGHAR,2017,5,9
RAIGARH,2010,2,7
0,2023,6,1
SINDHUDURG,2009,2,15
PALGHAR,2018,3,6
Mumbai Suburban,2015,11,3
SINDHUDURG,2012,9,3
NANDED,2008,12,6
OSMANABAD,2008,12,5
NASIK,2008,12,10
BEED,2008,12,5
NAGPUR,2008,12,3
YEVATMAL,2008,12,4
PALGHAR,2014,11,4
0,2014,11,1
GADCHIROLI,2011,9,3
RAIGARH,2011,9,2
PALGHAR,2014,5,1
GADCHIROLI,2010,1,2
PALGHAR,2016,8,2
GADCHIROLI,2009,4,6
RATNAGIRI,2010,1,3
RAIGARH,2010,1,3
BHANDARA,2007,1,1
HINGOLI,2007,1,3
OSMANABAD,2007,1,2
Mumbai Suburban,2013,12,2
Mumbai Suburban,2022,12,4
PALGHAR,2022,6,5
null,2018,8,2
PALGHAR,2013,2,1
RAIGARH,2023,9,9
null,2016,1,6
RAIGARH,2009,8,7
RAIGARH,2011,12,6
0,2013,5,1
RATNAGIRI,2009,11,3
9999,2009,11,1
PALGHAR,2016,1,8
Mumbai Suburban,2025,2,3
Mumbai Suburban,2024,12,1
Mumbai Suburban,2025,6,2
AURANGABAD,2007,1,3
PARBHANI,2007,1,1
MUMBAI,2007,1,1
LATUR,2007,1,2
SATARA,2007,1,1
AMRAVATI,2007,1,3
DHULE,2007,1,3
GADCHIROLI,2020,8,6
Mumbai Suburban,2022,2,1
YEVATMAL,2020,7,2
HINGOLI,2020,7,2
GADCHIROLI,2011,7,4
null,2018,9,2
Mumbai Suburban,2015,8,2
SINDHUDURG,2010,1,3
0,2013,12,4
9999,2019,1,1
RAIGARH,2009,10,3
THANE,2009,10,3
GADCHIROLI,2009,10,1
RATNAGIRI,2011,3,1
SINDHUDURG,2011,3,2
SATARA,2012,4,1
BHANDARA,2012,4,2
RAIGARH,2012,4,1
THANE,2012,4,2
CHANDRAPUR,2012,4,1
NANDURBAR,2012,4,1
0,2015,6,2
0,2020,11,1
PALGHAR,2017,12,11
0,2014,12,3
GADCHIROLI,2010,7,2
Mumbai Suburban,2020,3,2
null,2019,8,1
PALGHAR,2014,12,3
MUMBAI,2012,2,4
RATNAGIRI,2012,2,5
RAIGARH,2012,2,4
0,2022,2,3
9999,2021,1,1
RAIGARH,2010,10,5
RATNAGIRI,2010,10,1
GADCHIROLI,2011,4,4
Mumbai Suburban,2016,3,1
RATNAGIRI,2011,4,2
null,2018,7,1
NANDURBAR,2011,4,4
null,2017,8,3
GADCHIROLI,2012,9,7
NANDURBAR,2011,1,8
DHULE,2008,12,3
LATUR,2008,12,2
KOLHAPUR,2008,12,4
Mumbai Suburban,2016,6,1
null,2016,6,1
Mumbai Suburban,2022,4,3
PALGHAR,2014,3,2
MUMBAI,2009,11,5
RAIGARH,2011,6,2
Mumbai Suburban,2016,1,1
GADCHIROLI,2010,5,6
MUMBAI,2010,8,2
Mumbai Suburban,2023,1,4
RATNAGIRI,2009,12,2
NANDED,2012,3,4
0,2022,10,7
null,2018,4,4
RATNAGIRI,2010,12,1
PALGHAR,2023,11,9
0,2019,11,4
GADCHIROLI,2011,6,3
Mumbai Suburban,2018,2,1
RAIGARH,2012,8,4
0,2024,3,1
THANE,2012,3,2
RATNAGIRI,2009,5,2
RATNAGIRI,2012,8,6
9999,2020,9,2
Mumbai Suburban,2015,2,1
SINDHUDURG,2010,12,1
Mumbai Suburban,2013,9,1
Mumbai Suburban,2022,6,1
null,2019,7,1
0,2014,7,1
MUMBAI,2010,9,1
RAIGARH,2010,9,1
NANDURBAR,2007,1,2
CHANDRAPUR,2007,1,1
0,2015,5,1
HINGOLI,2008,12,1
Mumbai Suburban,2016,10,1
null,2017,12,3
Mumbai Suburban,2017,6,1
0,2013,4,1
Mumbai Suburban,2020,2,2
CHANDRAPUR,2011,2,5
Mumbai Suburban,2015,6,1
0,2020,8,3
9999,2024,1,1
0,2014,1,1
GADCHIROLI,2011,1,1
PALGHAR,2015,9,2
GADCHIROLI,2009,9,3
SINDHUDURG,2011,12,5
MUMBAI,2010,11,1
RAIGARH,2020,6,1
GADCHIROLI,2012,4,1
DHULE,2012,4,3
SANGLI,2012,4,1
MUMBAI,2011,10,2
DHULE,2021,5,1
PALGHAR,2013,7,1
Mumbai Suburban,2021,2,1
MUMBAI,2021,8,4
null,2013,12,2
Mumbai Suburban,2016,9,1
0,2021,1,1
Mumbai Suburban,2015,10,1
MUMBAI,2023,9,2
SINDHUDURG,2024,4,2
MUMBAI,2011,12,3
Mumbai Suburban,2025,4,2
Mumbai Suburban,2023,9,1
NASIK,2020,7,1
SATARA,2020,7,3
Mumbai Suburban,2024,5,1
HINGOLI,2012,3,1
null,2018,2,1
null,2015,8,1
9999,2010,9,1
null,2020,11,1
BHAVNAGAR,2022,12,1
0,2023,12,1
null,2015,11,1
null,2017,6,1
Mumbai Suburban,2019,3,1
SINDHUDURG,2010,11,1
RAIGARH,2011,8,1
Mumbai Suburban,2017,5,1
GADCHIROLI,2021,6,1
THANE,2021,6,1
MUMBAI,2021,6,1
Mumbai Suburban,2018,6,1
SINDHUDURG,2011,5,1
Mumbai Suburban,2020,8,1
9999,2014,6,1
9999,2012,1,1
Mumbai Suburban,2022,1,1
Mumbai Suburban,2021,9,1
RATNAGIRI,2011,9,2
0,2022,5,1
null,2016,8,1
MUMBAI,2020,6,2
Mumbai Suburban,2022,5,1
Mumbai Suburban,2018,8,1
Mumbai Suburban,2022,7,1
Mumbai Suburban,2017,2,1
PALGHAR,2014,2,1
Mumbai Suburban,2019,10,1
